key,class,alignment,tier,gender,attack,health,attackScalar,healthScalar,critChance,critMultiplier,lethalChance,fastAttackChance,shardGrowth,startingStar,isBoss
Aquaman_18,Might,Hero,Gold,Male,280,1800,28.0,180.0,0.009999999776482582,1.5,0.009999999776482582,0.009999999776482582,Slow,3,False
Aquaman_18_SubBoss,Might,Hero,Boss,Male,100,100,0.0,0.0,0.009999999776482582,1.5,0.009999999776482582,0.009999999776482582,Slow,3,True
Aquaman_A,Might,Hero,Silver,Male,210,1050,21.0,105.0,0.009999999776482582,1.5,0.009999999776482582,0.009999999776482582,Normal,,False
Aquaman_A_SubBoss,Might,Hero,Boss,Male,100,100,0.0,0.0,0.009999999776482582,1.5,0.009999999776482582,0.009999999776482582,Normal,,True
Aquaman_B,Might,Hero,Gold,Male,215,1300,21.5,130.0,0.009999999776482582,1.5,0.009999999776482582,0.009999999776482582,Slow,2,False
Aquaman_B_SubBoss,Might,Hero,Boss,Male,100,100,0.0,0.0,0.009999999776482582,1.5,0.009999999776482582,0.009999999776482582,Slow,2,True
Aquaman_JL,Might,Hero,Gold,Male,260,1600,26.0,160.0,0.009999999776482582,1.5,0.009999999776482582,0.009999999776482582,Slow,3,False
Aquaman_JL_SubBoss,Might,Hero,Boss,Male,100,100,0.0,0.0,0.009999999776482582,1.5,0.009999999776482582,0.009999999776482582,Slow,3,True
Aquaman_M,Might,Villain,Gold,Female,285,1950,28.0,180.0,0.009999999776482582,1.5,0.009999999776482582,0.009999999776482582,Slow,,False
Aquaman_M_Boss,Might,Villain,Boss,Female,100,100,0.0,0.0,0.009999999776482582,1.5,0.009999999776482582,0.009999999776482582,Slow,,True
Aquaman_M_SubBoss,Might,Villain,Boss,Female,100,100,0.0,0.0,0.009999999776482582,1.5,0.009999999776482582,0.009999999776482582,Slow,3,True
Aquaman_O,Magic,AntiHero,Legendary,Male,420,2200,29.0,180.0,0.10000000149011612,1.7000000476837158,0.009999999776482582,0.019999999552965164,VerySlow,3,False
Atrocitus_A,Magic,Villain,Gold,Male,270,1650,27.0,165.0,0.009999999776482582,1.5,0.10000000149011612,0.009999999776482582,Slow,3,False
Atrocitus_A_Boss,Magic,Villain,Boss,Male,100,100,0.0,0.0,0.009999999776482582,1.5,0.10000000149011612,0.009999999776482582,Slow,3,True
Atrocitus_A_SubBoss,Magic,Villain,Boss,Male,100,100,0.0,0.0,0.009999999776482582,1.5,0.10000000149011612,0.009999999776482582,Slow,3,True
Bane_A,Might,Villain,Silver,Male,210,1150,21.0,115.0,0.009999999776482582,1.5,0.009999999776482582,0.009999999776482582,Normal,,False
Bane_A_Boss,Might,Villain,Boss,Male,100,100,0.0,0.0,0.009999999776482582,1.5,0.009999999776482582,0.009999999776482582,Normal,,True
Bane_A_SubBoss,Might,Villain,Boss,Male,100,100,0.0,0.0,0.009999999776482582,1.5,0.009999999776482582,0.009999999776482582,Normal,,True
Bane_B,Might,Villain,Gold,Male,260,1200,26.0,120.0,0.009999999776482582,1.5,0.009999999776482582,0.009999999776482582,Slow,3,False
Bane_B_Boss,Might,Villain,Boss,Male,100,100,0.0,0.0,0.009999999776482582,1.5,0.009999999776482582,0.009999999776482582,Slow,3,True
Bane_B_SubBoss,Might,Villain,Boss,Male,100,100,0.0,0.0,0.009999999776482582,1.5,0.009999999776482582,0.009999999776482582,Slow,3,True
Batman_80,Agility,Hero,Gold,Male,280,1700,28.0,175.0,0.009999999776482582,1.5,0.009999999776482582,0.009999999776482582,Slow,2,False
Batman_80_Boss,Agility,Hero,Boss,Male,100,100,0.0,0.0,0.009999999776482582,1.5,0.009999999776482582,0.009999999776482582,Slow,2,True
Batman_80_SubBoss,Agility,Hero,Boss,Male,100,100,0.0,0.0,0.009999999776482582,1.5,0.009999999776482582,0.009999999776482582,Slow,2,True
Batman_A,Tech,Hero,Silver,Male,190,1000,19.0,100.0,0.009999999776482582,1.5,0.009999999776482582,0.009999999776482582,Normal,,False
Batman_AK,Agility,Hero,Legendary,Male,320,2000,32.0,200.0,0.009999999776482582,1.75,0.009999999776482582,0.009999999776482582,VerySlow,3,False
Batman_AK_SubBoss,Agility,Hero,Boss,Male,100,100,0.0,0.0,0.009999999776482582,1.75,0.009999999776482582,0.009999999776482582,VerySlow,3,True
Batman_A_SubBoss,Tech,Hero,Boss,Male,100,100,0.0,0.0,0.009999999776482582,1.5,0.009999999776482582,0.009999999776482582,Normal,,True
Batman_B,Tech,Hero,Gold,Male,280,1400,28.0,140.0,0.009999999776482582,1.5,0.009999999776482582,0.009999999776482582,Slow,3,False
Batman_BR_SubBoss,Tech,Villain,Boss,Male,100,100,0.0,0.0,0.009999999776482582,1.5,0.009999999776482582,0.009999999776482582,Normal,,True
Batman_B_SubBoss,Tech,Hero,Boss,Male,100,100,0.0,0.0,0.009999999776482582,1.5,0.009999999776482582,0.009999999776482582,Slow,3,True
Batman_JL,Agility,Hero,Gold,Male,295,1475,29.5,147.5,0.05000000074505806,1.5,0.05000000074505806,0.009999999776482582,Slow,3,False
Batman_JL_Boss,Agility,Hero,Boss,Male,100,100,0.0,0.0,0.05000000074505806,1.5,0.05000000074505806,0.009999999776482582,Slow,3,True
Batman_JL_SubBoss,Agility,Hero,Boss,Male,100,100,0.0,0.0,0.05000000074505806,1.5,0.05000000074505806,0.009999999776482582,Slow,3,True
Batman_KM,Tech,AntiHero,Gold,Male,300,1500,30.0,150.0,0.009999999776482582,1.75,0.05000000074505806,0.009999999776482582,Slow,3,False
Batman_KM_SubBoss,Tech,AntiHero,Boss,Male,100,100,0.0,0.0,0.009999999776482582,1.75,0.05000000074505806,0.009999999776482582,Slow,3,True
Batman_NIN,Tech,Hero,Gold,Male,285,1675,28.5,167.5,0.009999999776482582,1.5,0.05000000074505806,0.009999999776482582,Slow,3,False
Batwoman_CW,Agility,Hero,Gold,Female,275,1600,27.5,160.0,0.009999999776482582,1.5,0.009999999776482582,0.009999999776482582,Slow,2,False
Batwoman_CW_SubBoss,Agility,Hero,Boss,Female,100,100,0.0,0.0,0.009999999776482582,1.5,0.009999999776482582,0.009999999776482582,Slow,2,True
BeastBoy_A,MetaHuman,Hero,Legendary,Male,450,2200,31.0,190.0,0.10000000149011612,1.649999976158142,0.0,0.009999999776482582,VerySlow,3,False
BeastBoy_A_SubBoss,MetaHuman,Hero,Boss,Male,100,100,0.0,0.0,0.10000000149011612,1.649999976158142,0.0,0.009999999776482582,VerySlow,3,True
BlackAdam_A,Magic,Villain,Gold,Male,270,1680,27.0,168.0,0.009999999776482582,1.5,0.10000000149011612,0.009999999776482582,Slow,3,False
BlackAdam_A_Boss,Magic,Villain,Boss,Male,100,100,0.0,0.0,0.009999999776482582,1.5,0.10000000149011612,0.009999999776482582,Slow,3,True
BlackAdam_A_SubBoss,Magic,Villain,Boss,Male,100,100,0.0,0.0,0.009999999776482582,1.5,0.10000000149011612,0.009999999776482582,Slow,3,True
BlackAdam_B,Magic,AntiHero,Legendary,Male,460,2150,34.0,190.0,0.009999999776482582,1.75,0.009999999776482582,0.009999999776482582,VerySlow,3,False
BlackAdam_B_Boss,Magic,AntiHero,Boss,Male,100,100,0.0,0.0,0.009999999776482582,1.5,0.10000000149011612,0.009999999776482582,Slow,3,True
BlackAdam_B_SubBoss,Magic,AntiHero,Boss,Male,100,100,0.0,0.0,0.009999999776482582,1.75,0.009999999776482582,0.009999999776482582,VerySlow,3,True
BlackCanary_A,Agility,Hero,Silver,Female,225,950,22.5,95.0,0.009999999776482582,1.5,0.009999999776482582,0.009999999776482582,Normal,2,False
BlackCanary_A_SubBoss,Agility,Hero,Boss,Female,100,100,0.0,0.0,0.009999999776482582,1.5,0.009999999776482582,0.009999999776482582,Normal,2,True
BlackCanary_B,Agility,Hero,Gold,Female,270,1300,27.0,130.0,0.009999999776482582,1.5,0.009999999776482582,0.009999999776482582,Slow,3,False
BlackCanary_B_SubBoss,Agility,Hero,Boss,Female,100,100,0.0,0.0,0.009999999776482582,1.5,0.009999999776482582,0.009999999776482582,Slow,3,True
BlackCanary_SB,Magic,Villain,Gold,Female,260,1300,26.0,130.0,0.05000000074505806,1.5,0.009999999776482582,0.10000000149011612,Slow,2,False
BlackCanary_SB_Boss,Magic,Hero,Boss,Female,100,100,0.0,0.0,0.05000000074505806,1.5,0.009999999776482582,0.10000000149011612,Slow,3,True
BlackCanary_SB_SubBoss,Magic,Hero,Boss,Female,100,100,0.0,0.0,0.05000000074505806,1.5,0.009999999776482582,0.10000000149011612,Slow,2,True
BlackCanary_WC,Agility,Hero,Gold,Female,285,1425,28.5,142.5,0.05000000074505806,1.5,0.009999999776482582,0.009999999776482582,Slow,3,False
BlackCanary_WC_SubBoss,Agility,Hero,Boss,Female,100,100,0.0,0.0,0.0,0.0,0.0,0.0,Slow,2,True
BlackLightning_CW,MetaHuman,Hero,Gold,Male,255,1650,25.5,165.0,0.009999999776482582,1.5,0.009999999776482582,0.009999999776482582,Slow,3,False
BlackLightning_CW_SubBoss,MetaHuman,Hero,Boss,Male,100,100,0.0,0.0,0.009999999776482582,1.5,0.009999999776482582,0.009999999776482582,Slow,3,True
BlackMantaThug_A,Tech,None,Gold,,200,1200,20.0,120.0,0.009999999776482582,1.5,0.009999999776482582,0.009999999776482582,Slow,3,False
BlackManta_18,Tech,Villain,Legendary,Male,320,2116,30.0,200.0,0.009999999776482582,1.5,0.009999999776482582,0.009999999776482582,VerySlow,3,False
BlackManta_18_SubBoss,Tech,Villain,Boss,Male,100,100,0.0,0.0,0.009999999776482582,1.5,0.009999999776482582,0.009999999776482582,VerySlow,3,True
BlueBeetle_A,Magic,Hero,Gold,Male,255,1625,25.5,162.5,0.10000000149011612,1.5,0.009999999776482582,0.009999999776482582,Slow,2,False
BlueBeetle_A_Boss,Magic,Hero,Boss,Male,100,100,0.0,0.0,0.10000000149011612,1.5,0.009999999776482582,0.009999999776482582,Slow,2,True
BlueBeetle_A_SubBoss,Magic,Hero,Boss,Male,100,100,0.0,0.0,0.10000000149011612,1.5,0.009999999776482582,0.009999999776482582,Slow,2,True
BlueBeetle_B,Tech,Hero,Legendary,Male,470,2500,32.0,185.0,0.10000000149011612,1.5,0.10000000149011612,0.009999999776482582,VerySlow,3,False
BrainiacThug_A,Might,None,Silver,,100,25,10.0,110.0,0.009999999776482582,0.0,0.009999999776482582,0.009999999776482582,Fast,,False
BrainiacThug_B,Agility,None,Silver,,160,50,12.0,100.0,0.009999999776482582,0.0,0.009999999776482582,0.009999999776482582,Fast,,False
BrainiacThug_C,MetaHuman,None,Gold,,210,75,15.0,115.0,0.009999999776482582,0.0,0.009999999776482582,0.009999999776482582,Fast,,False
Brainiac_A,Tech,Villain,Legendary,Male,300,2000,30.0,200.0,0.009999999776482582,1.5,0.15000000596046448,0.009999999776482582,VerySlow,3,False
Brainiac_A_Boss,Tech,Villain,Boss,Male,100,100,0.0,0.0,0.019999999552965164,1.5,0.0,0.019999999552965164,VerySlow,,True
Brainiac_A_Boss_SoloRaid,Tech,Villain,Boss,Male,100,100,0.0,0.0,0.009999999776482582,1.5,0.15000000596046448,0.009999999776482582,VerySlow,3,True
CaptainCold_A,Tech,Villain,Gold,Male,270,1305,27.0,130.5,0.009999999776482582,1.5,0.009999999776482582,0.009999999776482582,Slow,3,False
CaptainCold_A_SubBoss,Tech,Villain,Boss,Male,100,100,0.0,0.0,0.009999999776482582,1.5,0.0,0.009999999776482582,Slow,3,True
CaptainCold_A_SubBoss_SoloRaid,Tech,Villain,Boss,Male,100,100,0.0,0.0,0.009999999776482582,1.5,0.009999999776482582,0.009999999776482582,Slow,3,True
CaptainCold_CW,Tech,Villain,Gold,Male,275,1675,27.5,167.5,0.009999999776482582,1.5,0.009999999776482582,0.009999999776482582,Slow,3,False
CaptainCold_CW_SubBoss,Tech,Villain,Boss,Male,100,100,0.0,0.0,0.009999999776482582,1.5,0.009999999776482582,0.009999999776482582,Slow,3,True
CaptainCold_MF,Tech,Villain,Legendary,Male,480,2260,37.0,185.0,0.009999999776482582,1.5,0.009999999776482582,0.009999999776482582,VerySlow,3,False
CaptainCold_MF_Boss,Tech,Villain,Boss,Male,100,100,0.0,0.0,0.009999999776482582,1.5,0.009999999776482582,0.009999999776482582,VerySlow,3,True
CaptainCold_MF_SubBoss,Tech,Villain,Boss,Male,100,100,0.0,0.0,0.009999999776482582,1.5,0.009999999776482582,0.009999999776482582,VerySlow,3,True
Catwoman_A,Agility,AntiHero,Silver,Female,185,750,18.5,75.0,0.009999999776482582,1.5,0.009999999776482582,0.009999999776482582,Normal,,False
Catwoman_A_SubBoss,Agility,Villain,Boss,Female,100,100,0.0,0.0,0.009999999776482582,1.5,0.009999999776482582,0.009999999776482582,Normal,,True
Catwoman_B,Agility,AntiHero,Gold,Female,260,1000,26.0,100.0,0.009999999776482582,1.5,0.009999999776482582,0.009999999776482582,Slow,3,False
Catwoman_B_SubBoss,Agility,AntiHero,Boss,Female,100,100,0.0,0.0,0.009999999776482582,1.5,0.009999999776482582,0.009999999776482582,Slow,3,True
Catwoman_NIN,Agility,AntiHero,Gold,Female,265,1700,26.5,170.0,0.10000000149011612,1.5,0.009999999776482582,0.009999999776482582,Slow,3,False
Catwoman_NIN_Boss,Agility,AntiHero,Boss,Female,100,100,0.0,0.0,0.10000000149011612,1.5,0.009999999776482582,0.009999999776482582,Slow,3,True
Cheetah_A,MetaHuman,Villain,Gold,Female,245,1650,24.5,165.0,0.05000000074505806,1.5,0.009999999776482582,0.009999999776482582,Slow,2,False
Cheetah_A_Boss,MetaHuman,Villain,Boss,Female,100,100,0.0,0.0,0.05000000074505806,1.5,0.009999999776482582,0.009999999776482582,Slow,2,True
Cheetah_A_SubBoss,MetaHuman,Villain,Boss,Female,100,100,0.0,0.0,0.05000000074505806,1.5,0.009999999776482582,0.009999999776482582,Slow,2,True
Cheetah_V,MetaHuman,Hero,Gold,Female,263,1700,26.5,170.0,0.05000000074505806,1.5,0.009999999776482582,0.009999999776482582,Slow,3,False
Cheetah_V_SubBoss,MetaHuman,Hero,Boss,Female,100,100,0.0,0.0,0.05000000074505806,1.5,0.009999999776482582,0.009999999776482582,Slow,3,True
Constantine_A,Magic,AntiHero,Legendary,Male,500,1950,37.0,185.0,0.15000000596046448,1.2000000476837158,0.009999999776482582,0.009999999776482582,VerySlow,3,False
Constantine_A_Boss,Magic,AntiHero,Boss,Male,100,100,0.0,0.0,0.009999999776482582,1.5,0.009999999776482582,0.009999999776482582,VerySlow,3,True
Constantine_A_SubBoss,Magic,AntiHero,Boss,Male,100,100,0.0,0.0,0.15000000596046448,1.2000000476837158,0.009999999776482582,0.009999999776482582,VerySlow,3,True
Cyborg_A,Tech,Hero,Silver,Male,190,1050,19.0,105.0,0.009999999776482582,1.5,0.009999999776482582,0.009999999776482582,Normal,,False
Cyborg_A_Boss,Tech,Hero,Boss,Male,100,100,0.0,0.0,0.009999999776482582,1.5,0.009999999776482582,0.009999999776482582,Normal,,True
Cyborg_A_SubBoss,Tech,Hero,Boss,Male,100,100,0.0,0.0,0.009999999776482582,1.5,0.009999999776482582,0.009999999776482582,Normal,,True
Cyborg_B,Tech,Hero,Gold,Male,245,1200,24.5,120.0,0.009999999776482582,1.5,0.009999999776482582,0.009999999776482582,Slow,2,False
Cyborg_B_Boss,Tech,Hero,Boss,Male,100,100,0.0,0.0,0.05000000074505806,0.0,0.05000000074505806,0.05000000074505806,Normal,,True
Cyborg_B_SubBoss,Tech,Hero,Boss,Male,100,100,0.0,0.0,0.009999999776482582,1.5,0.009999999776482582,0.009999999776482582,Slow,2,True
Cyborg_GR,Tech,Villain,Gold,Male,260,1600,26.0,160.0,0.009999999776482582,1.5,0.009999999776482582,0.009999999776482582,Slow,2,False
Cyborg_GR_Boss,Tech,Villain,Boss,Male,100,100,0.0,0.0,0.009999999776482582,1.5,0.009999999776482582,0.009999999776482582,Slow,2,True
Cyborg_GR_SubBoss,Tech,Villain,Boss,Male,100,100,0.0,0.0,0.009999999776482582,1.5,0.009999999776482582,0.009999999776482582,Slow,2,True
Cyborg_JL,Tech,Hero,Gold,Male,260,1450,26.0,145.0,0.009999999776482582,1.5,0.009999999776482582,0.009999999776482582,Slow,2,False
Cyborg_JL_SubBoss,Tech,Hero,Boss,Male,100,100,0.0,0.0,0.009999999776482582,1.5,0.009999999776482582,0.009999999776482582,Slow,2,True
DamianWayne_A,Agility,Hero,Silver,Male,225,1050,22.5,105.0,0.009999999776482582,1.5,0.009999999776482582,0.009999999776482582,Normal,,False
DamianWayne_A_Boss,Agility,Hero,Boss,Male,100,100,0.0,0.0,0.009999999776482582,1.5,0.009999999776482582,0.009999999776482582,Normal,,True
DamianWayne_A_SubBoss,Agility,Hero,Boss,Male,100,100,0.0,0.0,0.009999999776482582,1.5,0.009999999776482582,0.009999999776482582,Slow,3,True
DamianWayne_B,Agility,Hero,Gold,Male,260,1250,26.0,125.0,0.009999999776482582,1.5,0.009999999776482582,0.009999999776482582,Slow,3,False
DamianWayne_B_Boss,Agility,Hero,Boss,Male,100,100,0.0,0.0,0.009999999776482582,1.5,0.009999999776482582,0.009999999776482582,Slow,3,True
DamianWayne_B_SubBoss,Agility,Hero,Boss,Male,100,100,0.0,0.0,0.009999999776482582,1.5,0.009999999776482582,0.009999999776482582,Slow,2,True
DamianWayne_M,Agility,Villain,Legendary,Male,480,2000,32.0,185.0,0.20000000298023224,1.5,0.10000000149011612,0.009999999776482582,VerySlow,3,False
DamianWayne_M_Boss,Agility,Villain,Boss,Male,100,100,0.0,0.0,0.20000000298023224,1.5,0.10000000149011612,0.009999999776482582,VerySlow,3,True
DamianWayne_M_SubBoss,Agility,Villain,Boss,Male,100,100,0.0,0.0,0.20000000298023224,1.5,0.10000000149011612,0.009999999776482582,VerySlow,3,True
DamianWayne_NIN,Agility,Hero,Gold,Male,260,1600,26.0,160.0,0.009999999776482582,1.5,0.009999999776482582,0.009999999776482582,Slow,3,False
DamianWayne_NIN_Boss,Agility,Hero,Boss,Male,100,100,0.0,0.0,0.009999999776482582,1.5,0.009999999776482582,0.009999999776482582,Slow,3,True
DamianWayne_NW,Tech,Hero,Gold,Male,280,1665,28.0,166.5,0.009999999776482582,1.5,0.009999999776482582,0.009999999776482582,Slow,3,False
DamianWayne_NW_Boss,Tech,Hero,Boss,Male,100,100,0.0,0.0,0.009999999776482582,1.5,0.009999999776482582,0.009999999776482582,Slow,3,True
DamianWayne_NW_SubBoss,Tech,Hero,Boss,Male,100,100,0.0,0.0,0.009999999776482582,1.5,0.009999999776482582,0.009999999776482582,Slow,3,True
Darkseid_A,Magic,Villain,Legendary,Male,300,2300,30.0,230.0,0.009999999776482582,1.5,0.15000000596046448,0.009999999776482582,VerySlow,3,False
Darkseid_A_Boss,Magic,Villain,Boss,Male,100,100,0.0,0.0,0.009999999776482582,1.5,0.15000000596046448,0.009999999776482582,VerySlow,4,True
Darkseid_A_Boss_SBD_SN_A,Magic,Villain,Boss,Male,100,100,0.0,0.0,0.009999999776482582,1.5,0.15000000596046448,0.009999999776482582,VerySlow,4,True
Darkseid_A_SubBoss,Magic,Villain,Boss,Male,100,100,0.0,0.0,0.009999999776482582,1.5,0.15000000596046448,0.009999999776482582,VerySlow,4,True
Darkseid_A_SubBoss_SoloRaid,Magic,Villain,Boss,Male,100,100,0.0,0.0,0.009999999776482582,1.5,0.15000000596046448,0.009999999776482582,VerySlow,4,True
Deadshot_A,Tech,Villain,Silver,Male,190,900,19.0,90.0,0.009999999776482582,1.5,0.009999999776482582,0.009999999776482582,Normal,,False
Deadshot_A_Boss,Tech,Villain,Boss,Male,100,100,0.0,0.0,0.05000000074505806,0.0,0.05000000074505806,0.05000000074505806,Normal,,True
Deadshot_A_SubBoss,Tech,Villain,Boss,Male,100,100,0.0,0.0,0.009999999776482582,1.5,0.009999999776482582,0.009999999776482582,Normal,,True
Deadshot_B,Tech,AntiHero,Gold,Male,270,1625,27.0,158.0,0.009999999776482582,1.5,0.009999999776482582,0.009999999776482582,Slow,3,False
Deadshot_B_Boss,Tech,AntiHero,Boss,Male,100,100,0.0,0.0,0.009999999776482582,1.5,0.009999999776482582,0.009999999776482582,Slow,3,True
Deadshot_B_SubBoss,Tech,AntiHero,Boss,Male,100,100,0.0,0.0,0.009999999776482582,1.5,0.009999999776482582,0.009999999776482582,Slow,3,True
Deathstroke_B,Agility,Villain,Legendary,Male,433,2233,33.70000076293945,200.0,0.20000000298023224,1.75,0.009999999776482582,0.009999999776482582,VerySlow,3,False
Deathstroke_B_Boss,Agility,Villain,Boss,Male,100,100,0.0,0.0,0.009999999776482582,1.5,0.009999999776482582,0.009999999776482582,VerySlow,,True
Deathstroke_B_SubBoss,Agility,Villain,Boss,Male,100,100,0.0,0.0,0.009999999776482582,1.5,0.009999999776482582,0.009999999776482582,VerySlow,,True
DoctorFate_A,Magic,Hero,Silver,Male,220,1050,22.0,105.0,0.009999999776482582,1.5,0.009999999776482582,0.009999999776482582,Normal,2,False
DoctorFate_A_Boss,Magic,Hero,Boss,Male,100,100,0.0,0.0,0.009999999776482582,1.5,0.0,0.009999999776482582,Normal,2,True
DoctorFate_A_SubBoss,Magic,Hero,Boss,Male,270,50000,27.0,1000.0,0.009999999776482582,1.5,0.0,0.009999999776482582,Normal,2,True
DoctorFate_A_SubBoss_SoloRaid,Magic,Hero,Boss,Male,100,100,0.0,0.0,0.009999999776482582,1.5,0.0,0.009999999776482582,Normal,2,True
DoctorFate_B,Magic,AntiHero,Gold,Male,270,1300,27.0,130.0,0.009999999776482582,1.5,0.009999999776482582,0.009999999776482582,Slow,3,False
DoctorFate_B_SBD_CS_A_Boss,Magic,AntiHero,Boss,Male,100,100,0.0,0.0,0.009999999776482582,1.5,0.009999999776482582,0.009999999776482582,Slow,3,True
DoctorFate_B_SubBoss,Magic,AntiHero,Boss,Male,100,100,0.0,0.0,0.009999999776482582,1.5,0.009999999776482582,0.009999999776482582,Slow,3,True
Enchantress_A,Magic,Villain,Legendary,Female,325,1950,33.0,185.0,0.009999999776482582,1.5,0.009999999776482582,0.009999999776482582,VerySlow,3,False
Enchantress_A_SubBoss,Magic,Villain,Boss,Female,100,100,0.0,0.0,0.009999999776482582,1.5,0.009999999776482582,0.009999999776482582,VerySlow,3,True
Firestorm_A,Magic,Hero,Gold,Male,250,1500,25.0,150.0,0.009999999776482582,1.5,0.009999999776482582,0.009999999776482582,Slow,2,False
Firestorm_A_SubBoss,Magic,Hero,Boss,Male,100,100,0.0,0.0,0.009999999776482582,1.5,0.009999999776482582,0.009999999776482582,Slow,2,True
GorillaGrodd_A,Might,Villain,Silver,Male,170,1050,17.0,105.0,0.009999999776482582,1.5,0.009999999776482582,0.009999999776482582,Normal,,False
GorillaGrodd_A_Boss,Might,Villain,Boss,Male,100,100,0.0,0.0,0.009999999776482582,1.5,0.009999999776482582,0.009999999776482582,Normal,,True
GorillaGrodd_A_SubBoss,Might,Villain,Boss,Male,100,100,0.0,0.0,0.009999999776482582,1.5,0.0,0.009999999776482582,Normal,,True
GorillaGrodd_B,Might,Villain,Gold,Male,230,1250,23.0,125.0,0.009999999776482582,1.5,0.009999999776482582,0.009999999776482582,Slow,3,False
GorillaGrodd_B_Boss,Might,Villain,Boss,Male,100,100,0.0,0.0,0.009999999776482582,1.5,0.009999999776482582,0.009999999776482582,Slow,3,True
GorillaGrodd_B_SubBoss,Might,Villain,Boss,Male,100,100,0.0,0.0,0.009999999776482582,1.5,0.0,0.009999999776482582,Normal,,True
GorillaGrodd_B_SubBoss_SoloRaid,Might,Villain,Boss,Male,100,100,0.0,0.0,0.009999999776482582,1.5,0.009999999776482582,0.009999999776482582,Slow,3,True
GorillaGrodd_NIN,Might,Villain,Legendary,Male,290,2400,30.0,230.0,0.009999999776482582,1.5,0.10000000149011612,0.009999999776482582,VerySlow,3,False
GorillaThug_A,Might,None,Silver,,100,600,10.0,60.0,0.009999999776482582,0.0,0.009999999776482582,0.009999999776482582,Normal,,False
GorillaThug_B,Might,None,Silver,,100,600,10.0,60.0,0.009999999776482582,0.0,0.009999999776482582,0.009999999776482582,Normal,,False
GorillaThug_C,Might,None,Gold,,120,700,12.0,70.0,0.009999999776482582,0.0,0.009999999776482582,0.009999999776482582,Normal,,False
GreenArrow_A,Tech,Hero,Silver,Male,220,1050,22.0,105.0,0.009999999776482582,1.5,0.009999999776482582,0.009999999776482582,Normal,2,False
GreenArrow_A_SubBoss,Tech,Hero,Boss,Male,100,100,0.0,0.0,0.0,0.0,0.0,0.0,Slow,3,True
GreenArrow_B,Tech,Hero,Gold,Male,275,1300,27.5,130.0,0.009999999776482582,1.5,0.009999999776482582,0.009999999776482582,Slow,3,False
GreenArrow_B_SubBoss,Tech,Hero,Boss,Male,100,100,0.0,0.0,0.009999999776482582,1.5,0.009999999776482582,0.009999999776482582,Slow,3,True
GreenArrow_CW,Tech,Hero,Gold,Male,275,1700,27.5,170.0,0.10000000149011612,1.5,0.009999999776482582,0.009999999776482582,Slow,3,False
GreenArrow_CW_SubBoss,Tech,Hero,Boss,Male,100,100,0.0,0.0,0.10000000149011612,1.5,0.009999999776482582,0.009999999776482582,Slow,3,True
GreenLantern_A,Magic,Hero,Silver,Male,240,1100,24.0,110.0,0.009999999776482582,1.5,0.009999999776482582,0.009999999776482582,Normal,,False
GreenLantern_A_SubBoss,Magic,Hero,Boss,Male,100,100,0.0,0.0,0.009999999776482582,1.5,0.009999999776482582,0.009999999776482582,Normal,,True
GreenLantern_B,Magic,Hero,Gold,Male,230,1300,23.0,130.0,0.009999999776482582,1.5,0.009999999776482582,0.009999999776482582,Slow,2,False
GreenLantern_B_Boss,Magic,Hero,Boss,Male,100,100,0.0,0.0,0.05000000074505806,0.0,0.05000000074505806,0.05000000074505806,Normal,,True
GreenLantern_B_SubBoss,Magic,Hero,Boss,Male,100,100,0.0,0.0,0.009999999776482582,1.5,0.009999999776482582,0.009999999776482582,Slow,2,True
GreenLantern_B_SubBoss_SoloRaid,Magic,Hero,Boss,Male,100,100,0.0,0.0,0.009999999776482582,1.5,0.009999999776482582,0.009999999776482582,Slow,2,True
GreenLantern_JS,Magic,Hero,Gold,Male,250,1500,25.0,150.0,0.009999999776482582,1.5,0.009999999776482582,0.009999999776482582,Slow,2,False
GreenLantern_JS_SubBoss,Magic,Hero,Boss,Male,100,100,0.0,0.0,0.009999999776482582,1.5,0.009999999776482582,0.009999999776482582,Slow,2,True
HarleyQuinn_A,Agility,AntiHero,Silver,Female,180,800,18.0,80.0,0.009999999776482582,1.5,0.009999999776482582,0.009999999776482582,Normal,,False
HarleyQuinn_A_SubBoss,Agility,AntiHero,Boss,Female,100,100,0.0,0.0,0.009999999776482582,1.5,0.009999999776482582,0.009999999776482582,Normal,,True
HarleyQuinn_B,Agility,Villain,Gold,Female,250,1100,25.0,110.0,0.009999999776482582,1.5,0.009999999776482582,0.009999999776482582,Slow,3,False
HarleyQuinn_B_Boss,Agility,Villain,Boss,Female,100,100,0.0,0.0,0.009999999776482582,1.5,0.009999999776482582,0.009999999776482582,Slow,3,True
HarleyQuinn_B_SubBoss,Agility,Villain,Boss,Female,100,100,0.0,0.0,0.009999999776482582,1.5,0.009999999776482582,0.009999999776482582,Slow,3,True
HarleyQuinn_NIN,Agility,Villain,Gold,Female,265,1575,26.5,157.5,0.009999999776482582,1.5,0.009999999776482582,0.009999999776482582,Slow,2,False
HarleyQuinn_SS,Agility,AntiHero,Legendary,Female,320,2330,30.0,217.0,0.009999999776482582,1.5,0.009999999776482582,0.009999999776482582,VerySlow,3,False
HarleyQuinn_SS_Boss,Agility,AntiHero,Boss,Female,100,100,0.0,0.0,0.009999999776482582,1.5,0.009999999776482582,0.009999999776482582,VerySlow,3,True
HarleyQuinn_SS_SubBoss,Agility,AntiHero,Boss,Female,100,100,0.0,0.0,0.009999999776482582,1.5,0.009999999776482582,0.009999999776482582,VerySlow,3,True
HarleyQuinn_V,Agility,Villain,Gold,Female,285,1775,28.5,177.5,0.15000000596046448,1.5,0.009999999776482582,0.15000000596046448,Slow,2,False
HarleyQuinn_V_SubBoss,Agility,Villain,Boss,Female,100,100,0.0,0.0,0.15000000596046448,1.5,0.009999999776482582,0.15000000596046448,Slow,2,True
Hawkman_A,Might,AntiHero,Gold,Male,267,1750,28.0,170.0,0.009999999776482582,1.5,0.009999999776482582,0.009999999776482582,Slow,,False
Hawkman_A_SubBoss,Might,AntiHero,Boss,Male,100,100,0.0,0.0,0.009999999776482582,1.5,0.009999999776482582,0.009999999776482582,Slow,,True
Hellboy_A,Magic,AntiHero,Gold,Male,235,1600,23.5,160.0,0.009999999776482582,1.5,0.009999999776482582,0.009999999776482582,Slow,2,False
Hellboy_A_SubBoss,Magic,AntiHero,Boss,Male,100,100,0.0,0.0,0.009999999776482582,1.5,0.009999999776482582,0.009999999776482582,Slow,2,True
InmateThug_A,Agility,None,Silver,,120,500,12.0,50.0,0.009999999776482582,0.0,0.009999999776482582,0.009999999776482582,Normal,,False
InmateThug_B,Agility,None,Silver,,120,500,12.0,50.0,0.009999999776482582,0.0,0.009999999776482582,0.009999999776482582,Normal,,False
InmateThug_C,Agility,None,Gold,,150,600,15.0,60.0,0.009999999776482582,0.0,0.009999999776482582,0.009999999776482582,Normal,,False
KillerFrost_A,MetaHuman,Villain,Legendary,Female,500,2200,34.0,190.0,0.10000000149011612,1.5,0.10000000149011612,0.009999999776482582,VerySlow,3,False
LL_DCU_Raptor,Tech,None,Legendary,,1,1,0.0,0.0,0.0,0.0,0.0,0.0,Normal,,False
LexLuthor_DCU,Tech,Villain,Legendary,Male,500,1850,34.0,190.0,0.10000000149011612,1.7000000476837158,0.009999999776482582,0.019999999552965164,VerySlow,3,False
MartianManhunter_A,MetaHuman,Hero,Legendary,Male,375,2260,33.0,207.0,0.009999999776482582,1.5,0.009999999776482582,0.20000000298023224,VerySlow,3,False
MartianManhunter_A_Boss,MetaHuman,Hero,Boss,Male,100,100,0.0,0.0,0.009999999776482582,1.5,0.009999999776482582,0.009999999776482582,Slow,3,True
MartianManhunter_A_SubBoss,MetaHuman,Hero,Boss,Male,100,100,0.0,0.0,0.009999999776482582,1.5,0.009999999776482582,0.009999999776482582,Slow,3,True
Parademon_A,Might,None,Gold,,210,1150,21.0,115.0,0.75,0.0,0.75,0.5,Normal,,False
Peacemaker_A,Might,AntiHero,Legendary,Male,460,2700,31.0,220.0,0.10000000149011612,1.399999976158142,0.10000000149011612,0.009999999776482582,VerySlow,3,False
Peacemaker_A_SubBoss,Might,AntiHero,Boss,Male,100,100,0.0,0.0,0.10000000149011612,1.399999976158142,0.10000000149011612,0.009999999776482582,VerySlow,3,True
PoisonIvy_A,MetaHuman,Villain,Gold,Female,275,1650,27.5,165.0,0.05000000074505806,1.5,0.009999999776482582,0.009999999776482582,Slow,3,False
PoisonIvy_A_Boss,MetaHuman,Villain,Boss,Female,100,100,0.0,0.0,0.05000000074505806,1.5,0.009999999776482582,0.009999999776482582,Slow,3,True
PoisonIvy_A_SubBoss,MetaHuman,Villain,Boss,Female,100,100,0.0,0.0,0.05000000074505806,1.5,0.009999999776482582,0.009999999776482582,Slow,3,True
PoisonIvy_B,MetaHuman,Villain,Gold,Female,270,1165,27.0,116.5,0.009999999776482582,1.5,0.009999999776482582,0.009999999776482582,Slow,3,False
PoisonIvy_B_SubBoss,MetaHuman,Villain,Boss,Female,100,100,0.0,0.0,0.009999999776482582,1.5,0.009999999776482582,0.009999999776482582,Slow,3,True
Raiden_A,Magic,Hero,Gold,Male,240,1475,24.0,147.5,0.009999999776482582,1.5,0.009999999776482582,0.009999999776482582,Slow,2,False
Raiden_A_Boss,Magic,Hero,Boss,,100,100,0.0,0.0,0.009999999776482582,1.5,0.009999999776482582,0.009999999776482582,Slow,3,True
Raiden_A_SubBoss,Magic,Hero,Boss,,100,100,0.0,0.0,0.009999999776482582,1.5,0.009999999776482582,0.009999999776482582,Slow,2,True
Raven_A,Magic,Hero,Legendary,Female,468,2250,32.0,200.0,0.10000000149011612,1.75,0.009999999776482582,0.009999999776482582,VerySlow,3,False
Raven_A_Boss,Magic,Hero,Boss,Female,100,100,0.0,0.0,0.009999999776482582,0.0,0.009999999776482582,0.009999999776482582,VerySlow,3,True
Raven_A_SBD_CS_A_Boss,Magic,Hero,Boss,Female,100,100,0.0,0.0,0.009999999776482582,0.0,0.009999999776482582,0.009999999776482582,VerySlow,3,True
Raven_A_SubBoss,Magic,Hero,Boss,Female,100,100,0.0,0.0,0.009999999776482582,0.0,0.009999999776482582,0.009999999776482582,VerySlow,3,True
RedHood_A,Tech,AntiHero,Gold,Male,280,1550,28.0,155.0,0.05000000074505806,1.5,0.009999999776482582,0.009999999776482582,Slow,3,False
RedHood_A_Boss,Tech,AntiHero,Boss,Male,100,100,0.0,0.0,0.05000000074505806,1.5,0.009999999776482582,0.009999999776482582,Slow,3,True
RedHood_A_SubBoss,Tech,AntiHero,Boss,Male,100,100,0.0,0.0,0.05000000074505806,1.5,0.009999999776482582,0.009999999776482582,Slow,3,True
RedHood_HU,Agility,Villain,Gold,Male,270,1900,27.0,180.0,0.009999999776482582,1.5,0.009999999776482582,0.009999999776482582,Slow,,False
RedHood_HU_SubBoss,Agility,Villain,Boss,Male,100,100,0.0,0.0,0.009999999776482582,1.5,0.0,0.009999999776482582,Slow,,True
Scarecrow_A,MetaHuman,Villain,Silver,Male,200,800,20.0,80.0,0.009999999776482582,1.5,0.009999999776482582,0.009999999776482582,Normal,2,False
Scarecrow_A_Boss,MetaHuman,Villain,Boss,Male,100,100,0.0,0.0,0.05000000074505806,0.0,0.05000000074505806,0.05000000074505806,Normal,,True
Scarecrow_A_SubBoss,MetaHuman,Villain,Boss,Male,100,100,0.0,0.0,0.009999999776482582,1.5,0.0,0.009999999776482582,Normal,2,True
Scarecrow_B,MetaHuman,Villain,Gold,Male,265,1450,26.5,145.0,0.009999999776482582,1.5,0.009999999776482582,0.009999999776482582,Slow,3,False
Scarecrow_B_SubBoss,MetaHuman,Villain,Boss,Male,100,100,0.0,0.0,0.009999999776482582,1.5,0.0,0.009999999776482582,Normal,2,True
Scarecrow_B_SubBoss_SoloRaid,MetaHuman,Villain,Boss,Male,100,100,0.0,0.0,0.009999999776482582,1.5,0.0,0.009999999776482582,Normal,2,True
Scorpion_A,Magic,AntiHero,Legendary,Male,480,2400,32.0,190.0,0.20000000298023224,1.399999976158142,0.10000000149011612,0.009999999776482582,VerySlow,3,False
Scorpion_A_Boss,Magic,AntiHero,Boss,Male,100,100,0.0,0.0,0.009999999776482582,1.5,0.10000000149011612,0.009999999776482582,Slow,3,True
Shazam_19,Magic,Hero,Gold,Male,285,1850,28.5,185.0,0.009999999776482582,1.5,0.009999999776482582,0.009999999776482582,Slow,3,False
Shazam_19_Boss,Magic,Hero,Boss,Male,100,100,0.0,0.0,0.009999999776482582,1.5,0.009999999776482582,0.009999999776482582,Slow,3,True
Shazam_19_Boss_SoloRaid,Magic,Hero,Boss,Male,100,100,0.0,0.0,0.009999999776482582,1.5,0.009999999776482582,0.009999999776482582,Slow,3,True
Shazam_19_SBD_CS_A_Boss,Magic,Hero,Boss,Male,100,100,0.0,0.0,0.009999999776482582,1.5,0.009999999776482582,0.009999999776482582,Slow,3,True
Shazam_19_SubBoss,Magic,Hero,Boss,Male,100,100,0.0,0.0,0.009999999776482582,1.5,0.009999999776482582,0.009999999776482582,Slow,3,True
Shazam_23,Magic,Hero,Legendary,Male,470,2200,33.0,195.0,0.15000000596046448,1.7000000476837158,0.0,0.009999999776482582,VerySlow,3,False
Shazam_23_SubBoss,Magic,Hero,Boss,Male,100,100,0.0,0.0,0.15000000596046448,1.7000000476837158,0.0,0.009999999776482582,VerySlow,3,True
Starfire_A,Agility,Hero,Gold,Female,285,1100,28.5,110.0,0.009999999776482582,1.5,0.009999999776482582,0.009999999776482582,Slow,3,False
Starfire_A_Boss,Agility,Hero,Boss,Female,100,100,0.0,0.0,0.009999999776482582,1.5,0.009999999776482582,0.009999999776482582,Slow,3,True
Starfire_A_SubBoss,Agility,Hero,Boss,Female,100,100,0.0,0.0,0.009999999776482582,1.5,0.009999999776482582,0.009999999776482582,Slow,3,True
SubZero_A,Magic,AntiHero,Gold,Male,260,1300,26.0,130.0,0.009999999776482582,1.5,0.009999999776482582,0.009999999776482582,Slow,3,False
SubZero_A_Boss,Magic,AntiHero,Boss,Male,100,100,0.0,0.0,0.009999999776482582,1.5,0.009999999776482582,0.009999999776482582,Slow,3,True
SubZero_A_Boss_SBD_SN_A,Magic,AntiHero,Boss,Male,100,100,0.0,0.0,0.009999999776482582,1.5,0.009999999776482582,0.009999999776482582,Slow,3,True
SubZero_A_SubBoss,Magic,AntiHero,Boss,Male,100,100,0.0,0.0,0.009999999776482582,1.5,0.009999999776482582,0.009999999776482582,Slow,3,True
Supergirl_A,Might,Hero,Gold,Female,270,1250,27.0,125.0,0.009999999776482582,1.5,0.009999999776482582,0.009999999776482582,Slow,3,False
Supergirl_AR,Might,Hero,Gold,Female,285,1800,28.5,180.0,0.009999999776482582,1.5,0.009999999776482582,0.009999999776482582,Slow,3,False
Supergirl_AR_SubBoss,Might,Hero,Boss,Female,100,100,0.0,0.0,0.009999999776482582,1.5,0.009999999776482582,0.009999999776482582,Slow,2,True
Supergirl_A_SubBoss,Might,Hero,Boss,Female,100,100,0.0,0.0,0.009999999776482582,1.5,0.009999999776482582,0.009999999776482582,Slow,3,True
Supergirl_B,Might,Villain,Gold,Female,250,1500,25.0,150.0,0.009999999776482582,1.5,0.009999999776482582,0.009999999776482582,Slow,3,False
Supergirl_B_Boss,Might,Villain,Boss,Female,100,100,0.0,0.0,0.05000000074505806,0.0,0.05000000074505806,0.05000000074505806,Slow,3,True
Supergirl_B_SubBoss,Might,Villain,Boss,Female,100,100,0.0,0.0,0.009999999776482582,1.5,0.009999999776482582,0.009999999776482582,Slow,3,True
Supergirl_CW,Might,Hero,Gold,Female,280,1600,28.0,160.0,0.009999999776482582,1.5,0.009999999776482582,0.009999999776482582,Slow,3,False
Supergirl_CW_JK_Boss,Might,Hero,Boss,Female,100,100,0.0,0.0,0.009999999776482582,1.5,0.009999999776482582,0.009999999776482582,Slow,3,True
Supergirl_CW_SubBoss,Might,Hero,Boss,Female,100,100,0.0,0.0,0.0,0.0,0.0,0.0,Slow,,True
Supergirl_DCU,Might,Hero,Legendary,Female,550,2200,39.0,200.0,0.10000000149011612,1.75,0.0,0.05000000074505806,VerySlow,3,False
Supergirl_GS,Might,Hero,Gold,Female,280,1600,29.0,170.0,0.009999999776482582,1.5,0.009999999776482582,0.009999999776482582,Slow,,False
Supergirl_GS_SubBoss,Might,Hero,Boss,Female,100,100,0.0,0.0,0.009999999776482582,1.5,0.009999999776482582,0.009999999776482582,Slow,,True
Supergirl_PG,Might,Hero,Gold,Female,280,1550,28.0,155.0,0.009999999776482582,1.5,0.009999999776482582,0.009999999776482582,Slow,3,False
Supergirl_PG_Boss,Might,Hero,Boss,Female,100,100,0.0,0.0,0.009999999776482582,1.5,0.009999999776482582,0.009999999776482582,Slow,3,True
Supergirl_PG_SubBoss,Might,Hero,Boss,Female,100,100,0.0,0.0,0.009999999776482582,1.5,0.009999999776482582,0.009999999776482582,Slow,3,True
Superman_80,Might,Hero,Gold,Male,270,1850,27.0,170.0,0.009999999776482582,1.5,0.009999999776482582,0.009999999776482582,Slow,2,False
Superman_80_Boss,Might,Hero,Boss,Male,100,100,0.0,0.0,0.009999999776482582,1.5,0.009999999776482582,0.009999999776482582,Slow,2,True
Superman_A,Might,AntiHero,Silver,Male,200,1200,20.0,120.0,0.009999999776482582,1.5,0.009999999776482582,0.009999999776482582,Normal,,False
Superman_A_Boss,Might,AntiHero,Boss,Male,100,100,0.0,0.0,0.05000000074505806,0.0,0.05000000074505806,0.05000000074505806,Normal,,True
Superman_A_SubBoss,Might,AntiHero,Boss,Male,100,100,0.0,0.0,0.009999999776482582,1.5,0.009999999776482582,0.009999999776482582,Normal,,True
Superman_B,Might,AntiHero,Gold,Male,235,1600,23.5,160.0,0.009999999776482582,1.5,0.009999999776482582,0.009999999776482582,Slow,4,False
Superman_BR,Tech,Villain,Legendary,Male,399,2213,34.0,203.3800048828125,0.009999999776482582,1.5,0.009999999776482582,0.009999999776482582,VerySlow,3,False
Superman_BR_Boss,Tech,Villain,Boss,Male,100,100,0.0,0.0,0.05000000074505806,0.0,0.05000000074505806,0.05000000074505806,Normal,3,True
Superman_BR_SubBoss,Tech,Villain,Boss,Male,100,100,0.0,0.0,0.009999999776482582,1.5,0.009999999776482582,0.009999999776482582,VerySlow,3,True
Superman_BVS,Might,Hero,Legendary,Male,300,2000,30.0,200.0,0.009999999776482582,1.5,0.05000000074505806,0.009999999776482582,VerySlow,3,False
Superman_BVS_Boss,Might,Hero,Boss,Male,100,100,0.0,0.0,0.009999999776482582,1.5,0.05000000074505806,0.009999999776482582,VerySlow,3,True
Superman_BVS_SubBoss,Might,Hero,Boss,Male,100,100,0.0,0.0,0.009999999776482582,1.5,0.05000000074505806,0.009999999776482582,VerySlow,3,True
Superman_B_Boss,Might,AntiHero,Boss,Male,100,100,0.0,0.0,0.05000000074505806,0.0,0.05000000074505806,0.05000000074505806,Normal,3,True
Superman_B_SubBoss,Might,AntiHero,Boss,Male,100,100,0.0,0.0,0.009999999776482582,1.5,0.009999999776482582,0.009999999776482582,Slow,4,True
Superman_L,Might,Hero,Legendary,Male,550,2250,37.0,230.0,0.10000000149011612,1.7000000476837158,0.009999999776482582,0.019999999552965164,VerySlow,3,False
SwampThing_A,MetaHuman,AntiHero,Silver,Male,155,1300,15.5,130.0,0.009999999776482582,1.5,0.009999999776482582,0.009999999776482582,Normal,,False
SwampThing_A_SubBoss,MetaHuman,AntiHero,Boss,Male,100,100,0.0,0.0,0.009999999776482582,1.5,0.009999999776482582,0.009999999776482582,Normal,,True
SwampThing_B,MetaHuman,AntiHero,Gold,Male,225,1450,22.5,145.0,0.009999999776482582,1.5,0.009999999776482582,0.009999999776482582,Slow,3,False
SwampThing_B_SubBoss,MetaHuman,AntiHero,Boss,Male,100,100,0.0,0.0,0.009999999776482582,1.5,0.009999999776482582,0.009999999776482582,Slow,3,True
SwampThing_JLD,MetaHuman,AntiHero,Gold,Male,225,2100,24.0,210.0,0.009999999776482582,1.5,0.009999999776482582,0.009999999776482582,Slow,,False
SwampThing_JLD_Boss,MetaHuman,AntiHero,Boss,Male,100,100,0.0,0.0,0.009999999776482582,1.5,0.009999999776482582,0.009999999776482582,Slow,,True
SwampThing_JLD_SubBoss,MetaHuman,AntiHero,Boss,Male,100,100,0.0,0.0,0.009999999776482582,1.5,0.009999999776482582,0.009999999776482582,Slow,,True
TheFlash_80,MetaHuman,Hero,Legendary,Male,500,2200,35.0,185.0,0.10000000149011612,1.5,0.009999999776482582,0.10000000149011612,VerySlow,3,False
TheFlash_80_Boss,MetaHuman,Hero,Boss,Male,100,100,0.0,0.0,0.10000000149011612,1.5,0.009999999776482582,0.10000000149011612,VerySlow,3,True
TheFlash_A,MetaHuman,Hero,Silver,Male,215,950,21.5,95.0,0.009999999776482582,1.5,0.009999999776482582,0.009999999776482582,Normal,,False
TheFlash_A_Boss,MetaHuman,Hero,Boss,Male,100,100,0.0,0.0,0.0,0.0,0.0,0.0,Fast,,True
TheFlash_B,MetaHuman,Hero,Gold,Male,270,1200,27.0,120.0,0.009999999776482582,1.5,0.009999999776482582,0.009999999776482582,Slow,3,False
TheFlash_B_SubBoss,MetaHuman,Hero,Boss,Male,100,100,0.0,0.0,0.009999999776482582,1.5,0.009999999776482582,0.009999999776482582,Slow,3,True
TheFlash_CW,MetaHuman,Hero,Gold,Male,295,1600,29.5,160.0,0.009999999776482582,1.5,0.009999999776482582,0.009999999776482582,Slow,3,False
TheFlash_CW_SubBoss,MetaHuman,Hero,Boss,Male,100,100,0.0,0.0,0.009999999776482582,1.5,0.009999999776482582,0.009999999776482582,Slow,2,True
TheFlash_JL,MetaHuman,Hero,Gold,Male,285,1500,28.5,150.0,0.009999999776482582,1.5,0.009999999776482582,0.009999999776482582,Slow,3,False
TheFlash_JL_Boss,MetaHuman,Hero,Boss,Male,100,100,0.0,0.0,0.009999999776482582,1.5,0.009999999776482582,0.009999999776482582,Slow,3,True
TheFlash_JL_SubBoss,MetaHuman,Hero,Boss,Male,100,100,0.0,0.0,0.009999999776482582,1.5,0.009999999776482582,0.009999999776482582,Slow,3,True
TheFlash_RF,MetaHuman,Villain,Gold,Male,300,1450,30.0,145.0,0.009999999776482582,1.5,0.009999999776482582,0.009999999776482582,Slow,3,False
TheFlash_RF_SubBoss,MetaHuman,Villain,Boss,Male,100,100,0.0,0.0,0.009999999776482582,1.5,0.009999999776482582,0.009999999776482582,Slow,3,True
TheJoker_A,Agility,Villain,Silver,Male,235,1050,23.5,105.0,0.009999999776482582,1.5,0.009999999776482582,0.009999999776482582,Normal,2,False
TheJoker_A_SubBoss,Agility,Villain,Boss,Male,100,100,0.0,0.0,0.009999999776482582,1.5,0.009999999776482582,0.009999999776482582,Normal,2,True
TheJoker_B,Agility,Villain,Gold,Male,290,1700,29.0,170.0,0.10000000149011612,1.5,0.009999999776482582,0.009999999776482582,Slow,3,False
TheJoker_B_Boss,Agility,Villain,Boss,Male,100,100,0.0,0.0,0.10000000149011612,1.5,0.009999999776482582,0.009999999776482582,Slow,3,True
TheJoker_B_SBD_DW_M_Boss,Agility,Villain,Boss,Male,100,100,0.0,0.0,0.10000000149011612,1.5,0.009999999776482582,0.009999999776482582,Slow,3,True
TheJoker_M,MetaHuman,Villain,Legendary,Male,403,2333,33.70000076293945,200.0,0.10000000149011612,1.75,0.009999999776482582,0.009999999776482582,VerySlow,3,False
TheJoker_M_Boss,MetaHuman,Villain,Boss,Male,100,100,0.0,0.0,0.10000000149011612,1.5,0.009999999776482582,0.009999999776482582,Slow,3,True
TheJoker_M_SBD_DW_M_Boss,MetaHuman,Villain,Boss,Male,100,100,0.0,0.0,0.10000000149011612,1.5,0.009999999776482582,0.009999999776482582,Slow,3,True
TheJoker_NIN,Agility,Villain,Gold,Male,275,1600,27.5,160.0,0.009999999776482582,1.5,0.10000000149011612,0.009999999776482582,Slow,3,False
TheJoker_NIN_SubBoss,Agility,Villain,Boss,Male,100,100,0.0,0.0,0.009999999776482582,1.5,0.10000000149011612,0.009999999776482582,Slow,3,True
WonderWoman_80,Agility,Hero,Gold,Female,290,1650,28.0,170.0,0.10000000149011612,1.5,0.009999999776482582,0.009999999776482582,Slow,,False
WonderWoman_80_Boss,Agility,Hero,Boss,Female,100,100,0.0,0.0,0.10000000149011612,1.5,0.009999999776482582,0.009999999776482582,Slow,,True
WonderWoman_80_SubBoss,Agility,Hero,Boss,Female,100,100,0.0,0.0,0.10000000149011612,1.5,0.009999999776482582,0.009999999776482582,Slow,,True
WonderWoman_84,Might,Hero,Legendary,Female,370,2980,29.0,230.0,0.009999999776482582,1.5,0.009999999776482582,0.009999999776482582,VerySlow,3,False
WonderWoman_84_SubBoss,Might,Hero,Boss,Female,100,100,0.0,0.0,0.009999999776482582,1.5,0.009999999776482582,0.009999999776482582,VerySlow,3,True
WonderWoman_A,Might,AntiHero,Silver,Female,200,850,20.0,85.0,0.009999999776482582,1.5,0.009999999776482582,0.009999999776482582,Normal,,False
WonderWoman_A_SubBoss,Might,Hero,Boss,Female,100,100,0.0,0.0,0.009999999776482582,1.5,0.009999999776482582,0.009999999776482582,Normal,,True
WonderWoman_B,Might,Hero,Gold,Female,280,1300,28.0,130.0,0.009999999776482582,1.5,0.009999999776482582,0.009999999776482582,Slow,3,False
WonderWoman_B_Amazonian,Might,None,Gold,,280,1300,28.0,130.0,0.009999999776482582,1.5,0.009999999776482582,0.009999999776482582,Slow,3,False
WonderWoman_B_Boss,Might,Hero,Boss,Female,100,100,0.0,0.0,0.05000000074505806,0.0,0.05000000074505806,0.05000000074505806,Slow,3,True
WonderWoman_B_SubBoss,Might,Hero,Boss,Female,100,100,0.0,0.0,0.009999999776482582,1.5,0.009999999776482582,0.009999999776482582,Slow,3,True
WonderWoman_M,Might,Hero,Silver,Female,225,1000,22.5,100.0,0.009999999776482582,1.5,0.009999999776482582,0.009999999776482582,Normal,2,False
WonderWoman_M2,Might,Hero,Gold,Female,285,1320,28.5,132.0,0.009999999776482582,1.5,0.009999999776482582,0.009999999776482582,Slow,3,False
WonderWoman_M2_Boss,Might,Hero,Boss,Female,100,100,0.0,0.0,0.009999999776482582,1.5,0.009999999776482582,0.009999999776482582,Slow,3,True
WonderWoman_M2_SubBoss,Might,Hero,Boss,Female,100,100,0.0,0.0,0.009999999776482582,1.5,0.009999999776482582,0.009999999776482582,Slow,3,True
Zatanna_A,Magic,Hero,Legendary,Female,470,2300,31.0,185.0,0.15000000596046448,1.2000000476837158,0.009999999776482582,0.009999999776482582,VerySlow,3,False
Zatanna_A_Boss1,Magic,Hero,Boss,Female,100,100,0.0,0.0,0.15000000596046448,1.2000000476837158,0.009999999776482582,0.009999999776482582,Slow,3,True
Zatanna_A_SBD_CS_A_Boss,Magic,Hero,Boss,Female,100,100,0.0,0.0,0.15000000596046448,1.2000000476837158,0.009999999776482582,0.009999999776482582,Slow,3,True
Zatanna_A_SubBoss,Magic,Hero,Boss,Female,100,100,0.0,0.0,0.15000000596046448,1.2000000476837158,0.009999999776482582,0.009999999776482582,Slow,3,True
