key,character,slot,universal
A_Amulet_of_Anubis,,Artifact,True
A_Anti-Living_Seeds,,Artifact,True
A_Gemstone,,Artifact,True
A_Grimorium_Verum,,Artifact,True
A_Harleys_Mallet,,Artifact,True
A_Harpoon_Hand,,Artifact,True
A_Khandaq_Royal_Cape,,Artifact,True
A_Lasso_Of_Truth,,Artifact,True
A_Magic_Wand,,Artifact,True
A_Magicians_Cape,,Artifact,True
A_Miracle_Machine,,Artifact,True
A_Muramasa_Blades,,Artifact,True
A_Neron_Knife,,Artifact,True
A_Orb_of_Ra,,Artifact,True
A_Pandoras_Box,,Artifact,True
A_Particle_Accelerator,,Artifact,True
A_Phantom_Zone_Projector,,Artifact,True
A_Protecting_Necklace,,Artifact,True
A_Scorpions_Claws,,Artifact,True
A_Spear_of_Destiny,,Artifact,True
A_Statues_of_the_Gods,,Artifact,True
A_Tao_Te_Zhan,,Artifact,True
A_The_Book_Of_Zatara,,Artifact,True
A_The_Talisman_Of_Atlantis,,Artifact,True
Ace_Of_Winchesters,,Artifact,True
Amulet_of_Agility,,Artifact,True
Amulet_of_Arcane,,Artifact,True
Amulet_of_Metahuman,,Artifact,True
Amulet_of_Might,,Artifact,True
Amulet_of_Tech,,Artifact,True
Aquaman_18_Arms,Aquaman_18,Arms,False
Aquaman_18_Equipment,Aquaman_18,Equipment,False
Aquaman_18_Head,Aquaman_18,Head,False
Aquaman_18_Legs,Aquaman_18,Legs,False
Aquaman_18_Torso,Aquaman_18,Torso,False
Aquaman_A_Arms,Aquaman_A,Arms,False
Aquaman_A_Equipment,Aquaman_A,Equipment,False
Aquaman_A_Head,Aquaman_A,Head,False
Aquaman_A_Legs,Aquaman_A,Legs,False
Aquaman_A_Torso,Aquaman_A,Torso,False
Aquaman_B_Arms,Aquaman_B,Arms,False
Aquaman_B_Equipment,Aquaman_B,Equipment,False
Aquaman_B_Head,Aquaman_B,Head,False
Aquaman_B_Legs,Aquaman_B,Legs,False
Aquaman_B_Torso,Aquaman_B,Torso,False
Aquaman_JL_Arms,Aquaman_JL,Arms,False
Aquaman_JL_Equipment,Aquaman_JL,Equipment,False
Aquaman_JL_Head,Aquaman_JL,Head,False
Aquaman_JL_Legs,Aquaman_JL,Legs,False
Aquaman_JL_Torso,Aquaman_JL,Torso,False
Aquaman_M_Arms,Aquaman_M,Arms,False
Aquaman_M_Equipment,Aquaman_M,Equipment,False
Aquaman_M_Head,Aquaman_M,Head,False
Aquaman_M_Legs,Aquaman_M,Legs,False
Aquaman_M_Torso,Aquaman_M,Torso,False
Aquaman_O_Arms,Aquaman_O,Arms,False
Aquaman_O_Equipment,Aquaman_O,Equipment,False
Aquaman_O_Head,Aquaman_O,Head,False
Aquaman_O_Legs,Aquaman_O,Legs,False
Aquaman_O_Torso,Aquaman_O,Torso,False
AstroHarness,,Artifact,True
Atrocitus_A_Arms,Atrocitus_A,Arms,False
Atrocitus_A_Equipment,Atrocitus_A,Equipment,False
Atrocitus_A_Head,Atrocitus_A,Head,False
Atrocitus_A_Legs,Atrocitus_A,Legs,False
Atrocitus_A_Torso,Atrocitus_A,Torso,False
B_Amulet_Of_Harmonia,,Artifact,True
B_Ankh,,Artifact,True
B_Atez_Beam,,Artifact,True
B_Bastet_Mask,,Artifact,True
B_Boutonniere,,Artifact,True
B_Clockwerk_Camel,,Artifact,True
B_Demons_Heart,,Artifact,True
B_Eternity_Book,,Artifact,True
B_Frankincense_Lamp,,Artifact,True
B_Guide_Needle,,Artifact,True
B_Illusionist_Cards,,Artifact,True
B_Infernal_Guitar,,Artifact,True
B_Little_Pyramid,,Artifact,True
B_Magic_Ball,,Artifact,True
B_Mortal_Coil,,Artifact,True
B_Scorpions_Sting,,Artifact,True
B_Secret_Scrolls_of_Shirai_Ryu,,Artifact,True
B_Soul_Stone,,Artifact,True
B_Soul_Token,,Artifact,True
B_Sound_of_the_Robin_King,,Artifact,True
B_Sword_Of_Superman,,Artifact,True
B_Toxic_Bomb,,Artifact,True
B_Utility_Belt,,Artifact,True
B_Zatannas_Junior_Magic_Kit,,Artifact,True
Bane_A_Arms,Bane_A,Arms,False
Bane_A_Equipment,Bane_A,Equipment,False
Bane_A_Head,Bane_A,Head,False
Bane_A_Legs,Bane_A,Legs,False
Bane_A_Torso,Bane_A,Torso,False
Bane_B_Arms,Bane_B,Arms,False
Bane_B_Equipment,Bane_B,Equipment,False
Bane_B_Head,Bane_B,Head,False
Bane_B_Legs,Bane_B,Legs,False
Bane_B_Torso,Bane_B,Torso,False
Batman_80_Arms,Batman_80,Arms,False
Batman_80_Equipment,Batman_80,Equipment,False
Batman_80_Head,Batman_80,Head,False
Batman_80_Legs,Batman_80,Legs,False
Batman_80_Torso,Batman_80,Torso,False
Batman_AK_Arms,Batman_AK,Arms,False
Batman_AK_Equipment,Batman_AK,Equipment,False
Batman_AK_Head,Batman_AK,Head,False
Batman_AK_Legs,Batman_AK,Legs,False
Batman_AK_Torso,Batman_AK,Torso,False
Batman_A_Arms,Batman_A,Arms,False
Batman_A_Equipment,Batman_A,Equipment,False
Batman_A_Head,Batman_A,Head,False
Batman_A_Legs,Batman_A,Legs,False
Batman_A_Torso,Batman_A,Torso,False
Batman_B_Arms,Batman_B,Arms,False
Batman_B_Equipment,Batman_B,Equipment,False
Batman_B_Head,Batman_B,Head,False
Batman_B_Legs,Batman_B,Legs,False
Batman_B_Torso,Batman_B,Torso,False
Batman_JL_Arms,Batman_JL,Arms,False
Batman_JL_Equipment,Batman_JL,Equipment,False
Batman_JL_Head,Batman_JL,Head,False
Batman_JL_Legs,Batman_JL,Legs,False
Batman_JL_Torso,Batman_JL,Torso,False
Batman_KM_Arms,Batman_KM,Arms,False
Batman_KM_Equipment,Batman_KM,Equipment,False
Batman_KM_Head,Batman_KM,Head,False
Batman_KM_Legs,Batman_KM,Legs,False
Batman_KM_Torso,Batman_KM,Torso,False
Batman_NIN_Arms,Batman_NIN,Arms,False
Batman_NIN_Equipment,Batman_NIN,Equipment,False
Batman_NIN_Head,Batman_NIN,Head,False
Batman_NIN_Legs,Batman_NIN,Legs,False
Batman_NIN_Torso,Batman_NIN,Torso,False
Batwoman_CW_Arms,Batwoman_CW,Arms,False
Batwoman_CW_Equipment,Batwoman_CW,Equipment,False
Batwoman_CW_Head,Batwoman_CW,Head,False
Batwoman_CW_Legs,Batwoman_CW,Legs,False
Batwoman_CW_Torso,Batwoman_CW,Torso,False
BeastBoy_A_Arms,BeastBoy_A,Arms,False
BeastBoy_A_Equipment,BeastBoy_A,Equipment,False
BeastBoy_A_Head,BeastBoy_A,Head,False
BeastBoy_A_Legs,BeastBoy_A,Legs,False
BeastBoy_A_Torso,BeastBoy_A,Torso,False
BetaClub,,Artifact,True
BlackAdam_A_Arms,BlackAdam_A,Arms,False
BlackAdam_A_Equipment,BlackAdam_A,Equipment,False
BlackAdam_A_Head,BlackAdam_A,Head,False
BlackAdam_A_Legs,BlackAdam_A,Legs,False
BlackAdam_A_Torso,BlackAdam_A,Torso,False
BlackAdam_B_Arms,BlackAdam_B,Arms,False
BlackAdam_B_Equipment,BlackAdam_B,Equipment,False
BlackAdam_B_Head,BlackAdam_B,Head,False
BlackAdam_B_Legs,BlackAdam_B,Legs,False
BlackAdam_B_Torso,BlackAdam_B,Torso,False
BlackCanary_A_Arms,BlackCanary_A,Arms,False
BlackCanary_A_Equipment,BlackCanary_A,Equipment,False
BlackCanary_A_Head,BlackCanary_A,Head,False
BlackCanary_A_Legs,BlackCanary_A,Legs,False
BlackCanary_A_Torso,BlackCanary_A,Torso,False
BlackCanary_B_Arms,BlackCanary_B,Arms,False
BlackCanary_B_Equipment,BlackCanary_B,Equipment,False
BlackCanary_B_Head,BlackCanary_B,Head,False
BlackCanary_B_Legs,BlackCanary_B,Legs,False
BlackCanary_B_Torso,BlackCanary_B,Torso,False
BlackCanary_SB_Arms,BlackCanary_SB,Arms,False
BlackCanary_SB_Equipment,BlackCanary_SB,Equipment,False
BlackCanary_SB_Head,BlackCanary_SB,Head,False
BlackCanary_SB_Legs,BlackCanary_SB,Legs,False
BlackCanary_SB_Torso,BlackCanary_SB,Torso,False
BlackCanary_WC_Arms,BlackCanary_WC,Arms,False
BlackCanary_WC_Equipment,BlackCanary_WC,Equipment,False
BlackCanary_WC_Head,BlackCanary_WC,Head,False
BlackCanary_WC_Legs,BlackCanary_WC,Legs,False
BlackCanary_WC_Torso,BlackCanary_WC,Torso,False
BlackLightning_CW_Arms,BlackLightning_CW,Arms,False
BlackLightning_CW_Equipment,BlackLightning_CW,Equipment,False
BlackLightning_CW_Head,BlackLightning_CW,Head,False
BlackLightning_CW_Legs,BlackLightning_CW,Legs,False
BlackLightning_CW_Torso,BlackLightning_CW,Torso,False
BlackManta_18_Arms,BlackManta_18,Arms,False
BlackManta_18_Equipment,BlackManta_18,Equipment,False
BlackManta_18_Head,BlackManta_18,Head,False
BlackManta_18_Legs,BlackManta_18,Legs,False
BlackManta_18_Torso,BlackManta_18,Torso,False
Black_Kryptonite,,Artifact,True
BlueBeetle_A_Arms,BlueBeetle_A,Arms,False
BlueBeetle_A_Equipment,BlueBeetle_A,Equipment,False
BlueBeetle_A_Head,BlueBeetle_A,Head,False
BlueBeetle_A_Legs,BlueBeetle_A,Legs,False
BlueBeetle_A_Torso,BlueBeetle_A,Torso,False
BlueBeetle_B_Arms,BlueBeetle_B,Arms,False
BlueBeetle_B_Equipment,BlueBeetle_B,Equipment,False
BlueBeetle_B_Head,BlueBeetle_B,Head,False
BlueBeetle_B_Legs,BlueBeetle_B,Legs,False
BlueBeetle_B_Torso,BlueBeetle_B,Torso,False
Book_Of_Souls,,Artifact,True
Brainiac_A_Arms,Brainiac_A,Arms,False
Brainiac_A_Equipment,Brainiac_A,Equipment,False
Brainiac_A_Head,Brainiac_A,Head,False
Brainiac_A_Legs,Brainiac_A,Legs,False
Brainiac_A_RaidBoss_Arms,Brainiac_A_RaidBoss,Arms,False
Brainiac_A_RaidBoss_Equipment,Brainiac_A_RaidBoss,Equipment,False
Brainiac_A_RaidBoss_Head,Brainiac_A_RaidBoss,Head,False
Brainiac_A_RaidBoss_Legs,Brainiac_A_RaidBoss,Legs,False
Brainiac_A_RaidBoss_Torso,Brainiac_A_RaidBoss,Torso,False
Brainiac_A_Torso,Brainiac_A,Torso,False
Candle_Of_Neron,,Artifact,True
CaptainCold_A_Arms,CaptainCold_A,Arms,False
CaptainCold_A_Equipment,CaptainCold_A,Equipment,False
CaptainCold_A_Head,CaptainCold_A,Head,False
CaptainCold_A_Legs,CaptainCold_A,Legs,False
CaptainCold_A_Torso,CaptainCold_A,Torso,False
CaptainCold_CW_Arms,CaptainCold_CW,Arms,False
CaptainCold_CW_Equipment,CaptainCold_CW,Equipment,False
CaptainCold_CW_Head,CaptainCold_CW,Head,False
CaptainCold_CW_Legs,CaptainCold_CW,Legs,False
CaptainCold_CW_Torso,CaptainCold_CW,Torso,False
CaptainCold_MF_Arms,CaptainCold_MF,Arms,False
CaptainCold_MF_Equipment,CaptainCold_MF,Equipment,False
CaptainCold_MF_Head,CaptainCold_MF,Head,False
CaptainCold_MF_Legs,CaptainCold_MF,Legs,False
CaptainCold_MF_Torso,CaptainCold_MF,Torso,False
Catwoman_A_Arms,Catwoman_A,Arms,False
Catwoman_A_Equipment,Catwoman_A,Equipment,False
Catwoman_A_Head,Catwoman_A,Head,False
Catwoman_A_Legs,Catwoman_A,Legs,False
Catwoman_A_Torso,Catwoman_A,Torso,False
Catwoman_B_Arms,Catwoman_B,Arms,False
Catwoman_B_Equipment,Catwoman_B,Equipment,False
Catwoman_B_Head,Catwoman_B,Head,False
Catwoman_B_Legs,Catwoman_B,Legs,False
Catwoman_B_Torso,Catwoman_B,Torso,False
Catwoman_NIN_Arms,Catwoman_NIN,Arms,False
Catwoman_NIN_Equipment,Catwoman_NIN,Equipment,False
Catwoman_NIN_Head,Catwoman_NIN,Head,False
Catwoman_NIN_Legs,Catwoman_NIN,Legs,False
Catwoman_NIN_Torso,Catwoman_NIN,Torso,False
Chain_Batarang,,Artifact,True
Chakra,,Artifact,True
Cheetah_A_Arms,Cheetah_A,Arms,False
Cheetah_A_Equipment,Cheetah_A,Equipment,False
Cheetah_A_Head,Cheetah_A,Head,False
Cheetah_A_Legs,Cheetah_A,Legs,False
Cheetah_A_Torso,Cheetah_A,Torso,False
Cheetah_V_Arms,Cheetah_V,Arms,False
Cheetah_V_Equipment,Cheetah_V,Equipment,False
Cheetah_V_Head,Cheetah_V,Head,False
Cheetah_V_Legs,Cheetah_V,Legs,False
Cheetah_V_Torso,Cheetah_V,Torso,False
Claw_of_Horus,,Artifact,True
CogOfMageddon,,Artifact,True
Constantine_A_Arms,Constantine_A,Arms,False
Constantine_A_Equipment,Constantine_A,Equipment,False
Constantine_A_Head,Constantine_A,Head,False
Constantine_A_Legs,Constantine_A,Legs,False
Constantine_A_Torso,Constantine_A,Torso,False
Cosmic_Staff,,Artifact,True
Crime_Alley_Gun,,Artifact,True
Crown_Of_Horns,,Artifact,True
Cryo_Battery,,Artifact,True
Cryo_Engine,,Artifact,True
Cryogenic_Handheld,,Artifact,True
Cure_Serum,,Artifact,True
Cyborg_A_Arms,Cyborg_A,Arms,False
Cyborg_A_Equipment,Cyborg_A,Equipment,False
Cyborg_A_Head,Cyborg_A,Head,False
Cyborg_A_Legs,Cyborg_A,Legs,False
Cyborg_A_Torso,Cyborg_A,Torso,False
Cyborg_B_Arms,Cyborg_B,Arms,False
Cyborg_B_Equipment,Cyborg_B,Equipment,False
Cyborg_B_Head,Cyborg_B,Head,False
Cyborg_B_Legs,Cyborg_B,Legs,False
Cyborg_B_Torso,Cyborg_B,Torso,False
Cyborg_GR_Arms,Cyborg_GR,Arms,False
Cyborg_GR_Equipment,Cyborg_GR,Equipment,False
Cyborg_GR_Head,Cyborg_GR,Head,False
Cyborg_GR_Legs,Cyborg_GR,Legs,False
Cyborg_GR_Torso,Cyborg_GR,Torso,False
Cyborg_JL_Arms,Cyborg_JL,Arms,False
Cyborg_JL_Equipment,Cyborg_JL,Equipment,False
Cyborg_JL_Head,Cyborg_JL,Head,False
Cyborg_JL_Legs,Cyborg_JL,Legs,False
Cyborg_JL_Torso,Cyborg_JL,Torso,False
DamianWayne_A_Arms,DamianWayne_A,Arms,False
DamianWayne_A_Equipment,DamianWayne_A,Equipment,False
DamianWayne_A_Head,DamianWayne_A,Head,False
DamianWayne_A_Legs,DamianWayne_A,Legs,False
DamianWayne_A_Torso,DamianWayne_A,Torso,False
DamianWayne_B_Arms,DamianWayne_B,Arms,False
DamianWayne_B_Equipment,DamianWayne_B,Equipment,False
DamianWayne_B_Head,DamianWayne_B,Head,False
DamianWayne_B_Legs,DamianWayne_B,Legs,False
DamianWayne_B_Torso,DamianWayne_B,Torso,False
DamianWayne_M_Arms,DamianWayne_M,Arms,False
DamianWayne_M_Equipment,DamianWayne_M,Equipment,False
DamianWayne_M_Head,DamianWayne_M,Head,False
DamianWayne_M_Legs,DamianWayne_M,Legs,False
DamianWayne_M_Torso,DamianWayne_M,Torso,False
DamianWayne_NIN_Arms,DamianWayne_NIN,Arms,False
DamianWayne_NIN_Equipment,DamianWayne_NIN,Equipment,False
DamianWayne_NIN_Head,DamianWayne_NIN,Head,False
DamianWayne_NIN_Legs,DamianWayne_NIN,Legs,False
DamianWayne_NIN_Torso,DamianWayne_NIN,Torso,False
DamianWayne_NW_Arms,DamianWayne_NW,Arms,False
DamianWayne_NW_Equipment,DamianWayne_NW,Equipment,False
DamianWayne_NW_Head,DamianWayne_NW,Head,False
DamianWayne_NW_Legs,DamianWayne_NW,Legs,False
DamianWayne_NW_Torso,DamianWayne_NW,Torso,False
Dark_Metal_Cards,,Artifact,True
Darkseid_A_Arms,Darkseid_A,Arms,False
Darkseid_A_Equipment,Darkseid_A,Equipment,False
Darkseid_A_Head,Darkseid_A,Head,False
Darkseid_A_Legs,Darkseid_A,Legs,False
Darkseid_A_Torso,Darkseid_A,Torso,False
Deadshot_A_Arms,Deadshot_A,Arms,False
Deadshot_A_Equipment,Deadshot_A,Equipment,False
Deadshot_A_Head,Deadshot_A,Head,False
Deadshot_A_Legs,Deadshot_A,Legs,False
Deadshot_A_Torso,Deadshot_A,Torso,False
Deadshot_B_Arms,Deadshot_B,Arms,False
Deadshot_B_Equipment,Deadshot_B,Equipment,False
Deadshot_B_Head,Deadshot_B,Head,False
Deadshot_B_Legs,Deadshot_B,Legs,False
Deadshot_B_Torso,Deadshot_B,Torso,False
Deathstroke_B_Arms,Deathstroke_B,Arms,False
Deathstroke_B_Equipment,Deathstroke_B,Equipment,False
Deathstroke_B_Head,Deathstroke_B,Head,False
Deathstroke_B_Legs,Deathstroke_B,Legs,False
Deathstroke_B_Torso,Deathstroke_B,Torso,False
DoctorFate_A_Arms,DoctorFate_A,Arms,False
DoctorFate_A_Equipment,DoctorFate_A,Equipment,False
DoctorFate_A_Head,DoctorFate_A,Head,False
DoctorFate_A_Legs,DoctorFate_A,Legs,False
DoctorFate_A_Torso,DoctorFate_A,Torso,False
DoctorFate_B_Arms,DoctorFate_B,Arms,False
DoctorFate_B_Equipment,DoctorFate_B,Equipment,False
DoctorFate_B_Head,DoctorFate_B,Head,False
DoctorFate_B_Legs,DoctorFate_B,Legs,False
DoctorFate_B_Torso,DoctorFate_B,Torso,False
Electro_Axe,,Artifact,True
Enchantress_A_Arms,Enchantress_A,Arms,False
Enchantress_A_Equipment,Enchantress_A,Equipment,False
Enchantress_A_Head,Enchantress_A,Head,False
Enchantress_A_Legs,Enchantress_A,Legs,False
Enchantress_A_Torso,Enchantress_A,Torso,False
Energy_Lance,,Artifact,True
Entropy_Aegis,,Artifact,True
Fahren_Knife,,Artifact,True
Father_Box,,Artifact,True
Firestorm_A_Arms,Firestorm_A,Arms,False
Firestorm_A_Equipment,Firestorm_A,Equipment,False
Firestorm_A_Head,Firestorm_A,Head,False
Firestorm_A_Legs,Firestorm_A,Legs,False
Firestorm_A_Torso,Firestorm_A,Torso,False
FlashingBlade,,Artifact,True
Freeze_Grenade,,Artifact,True
God_Killer,,Artifact,True
GorillaGrodd_A_Arms,GorillaGrodd_A,Arms,False
GorillaGrodd_A_Equipment,GorillaGrodd_A,Equipment,False
GorillaGrodd_A_Head,GorillaGrodd_A,Head,False
GorillaGrodd_A_Legs,GorillaGrodd_A,Legs,False
GorillaGrodd_A_Torso,GorillaGrodd_A,Torso,False
GorillaGrodd_B_Arms,GorillaGrodd_B,Arms,False
GorillaGrodd_B_Equipment,GorillaGrodd_B,Equipment,False
GorillaGrodd_B_Head,GorillaGrodd_B,Head,False
GorillaGrodd_B_Legs,GorillaGrodd_B,Legs,False
GorillaGrodd_B_Torso,GorillaGrodd_B,Torso,False
GorillaGrodd_NIN_Arms,GorillaGrodd_NIN,Arms,False
GorillaGrodd_NIN_Equipment,GorillaGrodd_NIN,Equipment,False
GorillaGrodd_NIN_Head,GorillaGrodd_NIN,Head,False
GorillaGrodd_NIN_Legs,GorillaGrodd_NIN,Legs,False
GorillaGrodd_NIN_Torso,GorillaGrodd_NIN,Torso,False
GreenArrow_A_Arms,GreenArrow_A,Arms,False
GreenArrow_A_Equipment,GreenArrow_A,Equipment,False
GreenArrow_A_Head,GreenArrow_A,Head,False
GreenArrow_A_Legs,GreenArrow_A,Legs,False
GreenArrow_A_Torso,GreenArrow_A,Torso,False
GreenArrow_B_Arms,GreenArrow_B,Arms,False
GreenArrow_B_Equipment,GreenArrow_B,Equipment,False
GreenArrow_B_Head,GreenArrow_B,Head,False
GreenArrow_B_Legs,GreenArrow_B,Legs,False
GreenArrow_B_Torso,GreenArrow_B,Torso,False
GreenArrow_CW_Arms,GreenArrow_CW,Arms,False
GreenArrow_CW_Equipment,GreenArrow_CW,Equipment,False
GreenArrow_CW_Head,GreenArrow_CW,Head,False
GreenArrow_CW_Legs,GreenArrow_CW,Legs,False
GreenArrow_CW_Torso,GreenArrow_CW,Torso,False
GreenLantern_A_Arms,GreenLantern_A,Arms,False
GreenLantern_A_Equipment,GreenLantern_A,Equipment,False
GreenLantern_A_Head,GreenLantern_A,Head,False
GreenLantern_A_Legs,GreenLantern_A,Legs,False
GreenLantern_A_Torso,GreenLantern_A,Torso,False
GreenLantern_B_Arms,GreenLantern_B,Arms,False
GreenLantern_B_Equipment,GreenLantern_B,Equipment,False
GreenLantern_B_Head,GreenLantern_B,Head,False
GreenLantern_B_Legs,GreenLantern_B,Legs,False
GreenLantern_B_Torso,GreenLantern_B,Torso,False
GreenLantern_JS_Arms,GreenLantern_JS,Arms,False
GreenLantern_JS_Equipment,GreenLantern_JS,Equipment,False
GreenLantern_JS_Head,GreenLantern_JS,Head,False
GreenLantern_JS_Legs,GreenLantern_JS,Legs,False
GreenLantern_JS_Torso,GreenLantern_JS,Torso,False
Hand_of_Zatanna,,Artifact,True
HarleyQuinn_A_Arms,HarleyQuinn_A,Arms,False
HarleyQuinn_A_Equipment,HarleyQuinn_A,Equipment,False
HarleyQuinn_A_Head,HarleyQuinn_A,Head,False
HarleyQuinn_A_Legs,HarleyQuinn_A,Legs,False
HarleyQuinn_A_Torso,HarleyQuinn_A,Torso,False
HarleyQuinn_B_Arms,HarleyQuinn_B,Arms,False
HarleyQuinn_B_Equipment,HarleyQuinn_B,Equipment,False
HarleyQuinn_B_Head,HarleyQuinn_B,Head,False
HarleyQuinn_B_Legs,HarleyQuinn_B,Legs,False
HarleyQuinn_B_Torso,HarleyQuinn_B,Torso,False
HarleyQuinn_NIN_Arms,HarleyQuinn_NIN,Arms,False
HarleyQuinn_NIN_Equipment,HarleyQuinn_NIN,Equipment,False
HarleyQuinn_NIN_Head,HarleyQuinn_NIN,Head,False
HarleyQuinn_NIN_Legs,HarleyQuinn_NIN,Legs,False
HarleyQuinn_NIN_Torso,HarleyQuinn_NIN,Torso,False
HarleyQuinn_SS_Arms,HarleyQuinn_SS,Arms,False
HarleyQuinn_SS_Equipment,HarleyQuinn_SS,Equipment,False
HarleyQuinn_SS_Head,HarleyQuinn_SS,Head,False
HarleyQuinn_SS_Legs,HarleyQuinn_SS,Legs,False
HarleyQuinn_SS_Torso,HarleyQuinn_SS,Torso,False
HarleyQuinn_V_Arms,HarleyQuinn_V,Arms,False
HarleyQuinn_V_Equipment,HarleyQuinn_V,Equipment,False
HarleyQuinn_V_Head,HarleyQuinn_V,Head,False
HarleyQuinn_V_Legs,HarleyQuinn_V,Legs,False
HarleyQuinn_V_Torso,HarleyQuinn_V,Torso,False
Hawkman_A_Arms,Hawkman_A,Arms,False
Hawkman_A_Equipment,Hawkman_A,Equipment,False
Hawkman_A_Head,Hawkman_A,Head,False
Hawkman_A_Legs,Hawkman_A,Legs,False
Hawkman_A_Torso,Hawkman_A,Torso,False
Heart_of_Darkness,,Artifact,True
Hellboy_A_Arms,Hellboy_A,Arms,False
Hellboy_A_Equipment,Hellboy_A,Equipment,False
Hellboy_A_Head,Hellboy_A,Head,False
Hellboy_A_Legs,Hellboy_A,Legs,False
Hellboy_A_Torso,Hellboy_A,Torso,False
HelmetOfYugaKhan,,Artifact,True
High-Tech_Red_Goggles,,Artifact,True
Ikon_Suit,,Artifact,True
Jokerized_Batarangs,,Artifact,True
Jokerized_Venom,,Artifact,True
KillerFrost_A_Arms,KillerFrost_A,Arms,False
KillerFrost_A_Equipment,KillerFrost_A,Equipment,False
KillerFrost_A_Head,KillerFrost_A,Head,False
KillerFrost_A_Legs,KillerFrost_A,Legs,False
KillerFrost_A_Torso,KillerFrost_A,Torso,False
Kryptonian_Regeneration_Matrix,,Artifact,True
Kryptonite_Bullets,,Artifact,True
Kryptonite_Gloves,,Artifact,True
Kryptonite_Knife,,Artifact,True
Kryptonite_Ring,,Artifact,True
Kryptonite_Spear,,Artifact,True
Legacy_Helmet,,Artifact,True
LexCorpWarsuit,,Artifact,True
LexLuthor_DCU_Arms,LexLuthor_DCU,Arms,False
LexLuthor_DCU_Equipment,LexLuthor_DCU,Equipment,False
LexLuthor_DCU_Head,LexLuthor_DCU,Head,False
LexLuthor_DCU_Legs,LexLuthor_DCU,Legs,False
LexLuthor_DCU_Torso,LexLuthor_DCU,Torso,False
MartianManhunter_A_Arms,MartianManhunter_A,Arms,False
MartianManhunter_A_Equipment,MartianManhunter_A,Equipment,False
MartianManhunter_A_Head,MartianManhunter_A,Head,False
MartianManhunter_A_Legs,MartianManhunter_A,Legs,False
MartianManhunter_A_Torso,MartianManhunter_A,Torso,False
Mega_Rod,,Artifact,True
MetallosPowerSource,,Artifact,True
Noras_Snow_Globe,,Artifact,True
Nth_Metal_Armor,,Artifact,True
ObeliskOfUrgrund,,Artifact,True
Peacemaker_A_Arms,Peacemaker_A,Arms,False
Peacemaker_A_Equipment,Peacemaker_A,Equipment,False
Peacemaker_A_Head,Peacemaker_A,Head,False
Peacemaker_A_Legs,Peacemaker_A,Legs,False
Peacemaker_A_Torso,Peacemaker_A,Torso,False
Philosophers_Stone,,Artifact,True
PoisonIvy_A_Arms,PoisonIvy_A,Arms,False
PoisonIvy_A_Equipment,PoisonIvy_A,Equipment,False
PoisonIvy_A_Head,PoisonIvy_A,Head,False
PoisonIvy_A_Legs,PoisonIvy_A,Legs,False
PoisonIvy_A_Torso,PoisonIvy_A,Torso,False
PoisonIvy_B_Arms,PoisonIvy_B,Arms,False
PoisonIvy_B_Equipment,PoisonIvy_B,Equipment,False
PoisonIvy_B_Head,PoisonIvy_B,Head,False
PoisonIvy_B_Legs,PoisonIvy_B,Legs,False
PoisonIvy_B_Torso,PoisonIvy_B,Torso,False
Polar_Slippers,,Artifact,True
Promethium_Grenades,,Artifact,True
Promethium_Knife,,Artifact,True
Promethium_Nunchucks,,Artifact,True
Promethium_Sword,,Artifact,True
Radion,,Artifact,True
Raiden_A_Arms,Raiden_A,Arms,False
Raiden_A_Equipment,Raiden_A,Equipment,False
Raiden_A_Head,Raiden_A,Head,False
Raiden_A_Legs,Raiden_A,Legs,False
Raiden_A_Torso,Raiden_A,Torso,False
Raven_A_Arms,Raven_A,Arms,False
Raven_A_Equipment,Raven_A,Equipment,False
Raven_A_Head,Raven_A,Head,False
Raven_A_Legs,Raven_A,Legs,False
Raven_A_Torso,Raven_A,Torso,False
RedHood_A_Arms,RedHood_A,Arms,False
RedHood_A_Equipment,RedHood_A,Equipment,False
RedHood_A_Head,RedHood_A,Head,False
RedHood_A_Legs,RedHood_A,Legs,False
RedHood_A_Torso,RedHood_A,Torso,False
RedHood_HU_Arms,RedHood_HU,Arms,False
RedHood_HU_Equipment,RedHood_HU,Equipment,False
RedHood_HU_Head,RedHood_HU,Head,False
RedHood_HU_Legs,RedHood_HU,Legs,False
RedHood_HU_Torso,RedHood_HU,Torso,False
Rib_Tickle,,Artifact,True
Rings_Of_Azar,,Artifact,True
Robotic_Spider,,Artifact,True
Rocket_Boots,,Artifact,True
S_Amulet_of_Hatshepsut,,Artifact,True
S_Amulet_of_Shinnok,,Artifact,True
S_CosmicTreadmill,,Artifact,True
S_Crown_of_Khandaq_Ruler,,Artifact,True
S_Flash_Ring,,Artifact,True
S_Kamidogu_dagger,,Artifact,True
S_Moonblade,,Artifact,True
S_Sharp_Scythe,,Artifact,True
S_Soul_Crystal,,Artifact,True
S_Trinity_Rings,,Artifact,True
S_Twin_Blade,,Artifact,True
S_Zatannas_Puppet,,Artifact,True
Scarecrow_A_Arms,Scarecrow_A,Arms,False
Scarecrow_A_Equipment,Scarecrow_A,Equipment,False
Scarecrow_A_Head,Scarecrow_A,Head,False
Scarecrow_A_Legs,Scarecrow_A,Legs,False
Scarecrow_A_Torso,Scarecrow_A,Torso,False
Scarecrow_B_Arms,Scarecrow_B,Arms,False
Scarecrow_B_Equipment,Scarecrow_B,Equipment,False
Scarecrow_B_Head,Scarecrow_B,Head,False
Scarecrow_B_Legs,Scarecrow_B,Legs,False
Scarecrow_B_Torso,Scarecrow_B,Torso,False
Scorpion_A_Arms,Scorpion_A,Arms,False
Scorpion_A_Equipment,Scorpion_A,Equipment,False
Scorpion_A_Head,Scorpion_A,Head,False
Scorpion_A_Legs,Scorpion_A,Legs,False
Scorpion_A_Torso,Scorpion_A,Torso,False
Sharp_Tongue,,Artifact,True
Shazam_19_Arms,Shazam_19,Arms,False
Shazam_19_Equipment,Shazam_19,Equipment,False
Shazam_19_Head,Shazam_19,Head,False
Shazam_19_Legs,Shazam_19,Legs,False
Shazam_19_Torso,Shazam_19,Torso,False
Shazam_23_Arms,Shazam_23,Arms,False
Shazam_23_Equipment,Shazam_23,Equipment,False
Shazam_23_Head,Shazam_23,Head,False
Shazam_23_Legs,Shazam_23,Legs,False
Shazam_23_Torso,Shazam_23,Torso,False
Speedforce_Battery,,Artifact,True
Starfire_A_Arms,Starfire_A,Arms,False
Starfire_A_Equipment,Starfire_A,Equipment,False
Starfire_A_Head,Starfire_A,Head,False
Starfire_A_Legs,Starfire_A,Legs,False
Starfire_A_Torso,Starfire_A,Torso,False
SubZero_A_Arms,SubZero_A,Arms,False
SubZero_A_Equipment,SubZero_A,Equipment,False
SubZero_A_Head,SubZero_A,Head,False
SubZero_A_Legs,SubZero_A,Legs,False
SubZero_A_Torso,SubZero_A,Torso,False
Supergirl_AR_Arms,Supergirl_AR,Arms,False
Supergirl_AR_Equipment,Supergirl_AR,Equipment,False
Supergirl_AR_Head,Supergirl_AR,Head,False
Supergirl_AR_Legs,Supergirl_AR,Legs,False
Supergirl_AR_Torso,Supergirl_AR,Torso,False
Supergirl_A_Arms,Supergirl_A,Arms,False
Supergirl_A_Equipment,Supergirl_A,Equipment,False
Supergirl_A_Head,Supergirl_A,Head,False
Supergirl_A_Legs,Supergirl_A,Legs,False
Supergirl_A_Torso,Supergirl_A,Torso,False
Supergirl_B_Arms,Supergirl_B,Arms,False
Supergirl_B_Equipment,Supergirl_B,Equipment,False
Supergirl_B_Head,Supergirl_B,Head,False
Supergirl_B_Legs,Supergirl_B,Legs,False
Supergirl_B_Torso,Supergirl_B,Torso,False
Supergirl_CW_Arms,Supergirl_CW,Arms,False
Supergirl_CW_Equipment,Supergirl_CW,Equipment,False
Supergirl_CW_Head,Supergirl_CW,Head,False
Supergirl_CW_Legs,Supergirl_CW,Legs,False
Supergirl_CW_Torso,Supergirl_CW,Torso,False
Supergirl_DCU_Arms,Supergirl_DCU,Arms,False
Supergirl_DCU_Equipment,Supergirl_DCU,Equipment,False
Supergirl_DCU_Head,Supergirl_DCU,Head,False
Supergirl_DCU_Legs,Supergirl_DCU,Legs,False
Supergirl_DCU_Torso,Supergirl_DCU,Torso,False
Supergirl_GS_Arms,Supergirl_GS,Arms,False
Supergirl_GS_Equipment,Supergirl_GS,Equipment,False
Supergirl_GS_Head,Supergirl_GS,Head,False
Supergirl_GS_Legs,Supergirl_GS,Legs,False
Supergirl_GS_Torso,Supergirl_GS,Torso,False
Supergirl_PG_Arms,Supergirl_PG,Arms,False
Supergirl_PG_Equipment,Supergirl_PG,Equipment,False
Supergirl_PG_Head,Supergirl_PG,Head,False
Supergirl_PG_Legs,Supergirl_PG,Legs,False
Supergirl_PG_Torso,Supergirl_PG,Torso,False
Superman_80_Arms,Superman_80,Arms,False
Superman_80_Equipment,Superman_80,Equipment,False
Superman_80_Head,Superman_80,Head,False
Superman_80_Legs,Superman_80,Legs,False
Superman_80_Torso,Superman_80,Torso,False
Superman_A_Arms,Superman_A,Arms,False
Superman_A_Equipment,Superman_A,Equipment,False
Superman_A_Head,Superman_A,Head,False
Superman_A_Legs,Superman_A,Legs,False
Superman_A_Torso,Superman_A,Torso,False
Superman_BR_Arms,Superman_BR,Arms,False
Superman_BR_Equipment,Superman_BR,Equipment,False
Superman_BR_Head,Superman_BR,Head,False
Superman_BR_Legs,Superman_BR,Legs,False
Superman_BR_Torso,Superman_BR,Torso,False
Superman_B_Arms,Superman_B,Arms,False
Superman_B_Equipment,Superman_B,Equipment,False
Superman_B_Head,Superman_B,Head,False
Superman_B_Legs,Superman_B,Legs,False
Superman_B_Torso,Superman_B,Torso,False
Superman_L_Arms,Superman_L,Arms,False
Superman_L_Equipment,Superman_L,Equipment,False
Superman_L_Head,Superman_L,Head,False
Superman_L_Legs,Superman_L,Legs,False
Superman_L_Torso,Superman_L,Torso,False
Superman_M_Arms,Superman_M,Arms,False
Superman_M_Equipment,Superman_M,Equipment,False
Superman_M_Head,Superman_M,Head,False
Superman_M_Legs,Superman_M,Legs,False
Superman_M_Torso,Superman_M,Torso,False
SwampThing_A_Arms,SwampThing_A,Arms,False
SwampThing_A_Equipment,SwampThing_A,Equipment,False
SwampThing_A_Head,SwampThing_A,Head,False
SwampThing_A_Legs,SwampThing_A,Legs,False
SwampThing_A_Torso,SwampThing_A,Torso,False
SwampThing_B_Arms,SwampThing_B,Arms,False
SwampThing_B_Equipment,SwampThing_B,Equipment,False
SwampThing_B_Head,SwampThing_B,Head,False
SwampThing_B_Legs,SwampThing_B,Legs,False
SwampThing_B_Torso,SwampThing_B,Torso,False
SwampThing_JLD_Arms,SwampThing_JLD,Arms,False
SwampThing_JLD_Equipment,SwampThing_JLD,Equipment,False
SwampThing_JLD_Head,SwampThing_JLD,Head,False
SwampThing_JLD_Legs,SwampThing_JLD,Legs,False
SwampThing_JLD_Torso,SwampThing_JLD,Torso,False
Sword_Of_Salvation,,Artifact,True
Sword_Of_Sin,,Artifact,True
Thanagarian_Mace,,Artifact,True
TheFlash_80_Arms,TheFlash_80,Arms,False
TheFlash_80_Equipment,TheFlash_80,Equipment,False
TheFlash_80_Head,TheFlash_80,Head,False
TheFlash_80_Legs,TheFlash_80,Legs,False
TheFlash_80_Torso,TheFlash_80,Torso,False
TheFlash_A_Arms,TheFlash_A,Arms,False
TheFlash_A_Equipment,TheFlash_A,Equipment,False
TheFlash_A_Head,TheFlash_A,Head,False
TheFlash_A_Legs,TheFlash_A,Legs,False
TheFlash_A_Torso,TheFlash_A,Torso,False
TheFlash_B_Arms,TheFlash_B,Arms,False
TheFlash_B_Equipment,TheFlash_B,Equipment,False
TheFlash_B_Head,TheFlash_B,Head,False
TheFlash_B_Legs,TheFlash_B,Legs,False
TheFlash_B_Torso,TheFlash_B,Torso,False
TheFlash_CW_Arms,TheFlash_CW,Arms,False
TheFlash_CW_Equipment,TheFlash_CW,Equipment,False
TheFlash_CW_Head,TheFlash_CW,Head,False
TheFlash_CW_Legs,TheFlash_CW,Legs,False
TheFlash_CW_Torso,TheFlash_CW,Torso,False
TheFlash_JL_Arms,TheFlash_JL,Arms,False
TheFlash_JL_Equipment,TheFlash_JL,Equipment,False
TheFlash_JL_Head,TheFlash_JL,Head,False
TheFlash_JL_Legs,TheFlash_JL,Legs,False
TheFlash_JL_Torso,TheFlash_JL,Torso,False
TheFlash_RF_Arms,TheFlash_RF,Arms,False
TheFlash_RF_Equipment,TheFlash_RF,Equipment,False
TheFlash_RF_Head,TheFlash_RF,Head,False
TheFlash_RF_Legs,TheFlash_RF,Legs,False
TheFlash_RF_Torso,TheFlash_RF,Torso,False
TheJoker_A_Arms,TheJoker_A,Arms,False
TheJoker_A_Equipment,TheJoker_A,Equipment,False
TheJoker_A_Head,TheJoker_A,Head,False
TheJoker_A_Legs,TheJoker_A,Legs,False
TheJoker_A_Torso,TheJoker_A,Torso,False
TheJoker_B_Arms,TheJoker_B,Arms,False
TheJoker_B_Equipment,TheJoker_B,Equipment,False
TheJoker_B_Head,TheJoker_B,Head,False
TheJoker_B_Legs,TheJoker_B,Legs,False
TheJoker_B_Torso,TheJoker_B,Torso,False
TheJoker_M_Arms,TheJoker_M,Arms,False
TheJoker_M_Equipment,TheJoker_M,Equipment,False
TheJoker_M_Head,TheJoker_M,Head,False
TheJoker_M_Legs,TheJoker_M,Legs,False
TheJoker_M_Torso,TheJoker_M,Torso,False
TheJoker_NIN_Arms,TheJoker_NIN,Arms,False
TheJoker_NIN_Equipment,TheJoker_NIN,Equipment,False
TheJoker_NIN_Head,TheJoker_NIN,Head,False
TheJoker_NIN_Legs,TheJoker_NIN,Legs,False
TheJoker_NIN_Torso,TheJoker_NIN,Torso,False
The_All_Blades,,Artifact,True
Thermal_Gloves,,Artifact,True
Trigons_Power_Staff,,Artifact,True
WonderWoman_80_Arms,WonderWoman_80,Arms,False
WonderWoman_80_Equipment,WonderWoman_80,Equipment,False
WonderWoman_80_Head,WonderWoman_80,Head,False
WonderWoman_80_Legs,WonderWoman_80,Legs,False
WonderWoman_80_Torso,WonderWoman_80,Torso,False
WonderWoman_84_Arms,WonderWoman_84,Arms,False
WonderWoman_84_Equipment,WonderWoman_84,Equipment,False
WonderWoman_84_Head,WonderWoman_84,Head,False
WonderWoman_84_Legs,WonderWoman_84,Legs,False
WonderWoman_84_Torso,WonderWoman_84,Torso,False
WonderWoman_A_Arms,WonderWoman_A,Arms,False
WonderWoman_A_Equipment,WonderWoman_A,Equipment,False
WonderWoman_A_Head,WonderWoman_A,Head,False
WonderWoman_A_Legs,WonderWoman_A,Legs,False
WonderWoman_A_Torso,WonderWoman_A,Torso,False
WonderWoman_B_Arms,WonderWoman_B,Arms,False
WonderWoman_B_Equipment,WonderWoman_B,Equipment,False
WonderWoman_B_Head,WonderWoman_B,Head,False
WonderWoman_B_Legs,WonderWoman_B,Legs,False
WonderWoman_B_Torso,WonderWoman_B,Torso,False
WonderWoman_M2_Arms,WonderWoman_M2,Arms,False
WonderWoman_M2_Equipment,WonderWoman_M2,Equipment,False
WonderWoman_M2_Head,WonderWoman_M2,Head,False
WonderWoman_M2_Legs,WonderWoman_M2,Legs,False
WonderWoman_M2_Torso,WonderWoman_M2,Torso,False
WonderWoman_M_Arms,WonderWoman_M,Arms,False
WonderWoman_M_Equipment,WonderWoman_M,Equipment,False
WonderWoman_M_Head,WonderWoman_M,Head,False
WonderWoman_M_Legs,WonderWoman_M,Legs,False
WonderWoman_M_Torso,WonderWoman_M,Torso,False
Zatanna_A_Arms,Zatanna_A,Arms,False
Zatanna_A_Equipment,Zatanna_A,Equipment,False
Zatanna_A_Head,Zatanna_A,Head,False
Zatanna_A_Legs,Zatanna_A,Legs,False
Zatanna_A_Torso,Zatanna_A,Torso,False
